Instance,Algorithm,P1_Name,P1_Val,P2_Name,P2_Val,BestCost,Evaluations,TimeMicros
data\chr20c.dat,SA,Alpha,0.8,L_Factor,2,19334,15580,2121
data\chr20c.dat,SA,Alpha,0.8,L_Factor,5,17558,38950,5361
data\chr20c.dat,SA,Alpha,0.8,L_Factor,8,20212,50160,7046
data\chr20c.dat,SA,Alpha,0.85,L_Factor,2,18824,21660,2900
data\chr20c.dat,SA,Alpha,0.85,L_Factor,5,20552,52250,6923
data\chr20c.dat,SA,Alpha,0.85,L_Factor,8,19662,69920,9881
data\chr20c.dat,SA,Alpha,0.9,L_Factor,2,20552,22420,2930
data\chr20c.dat,SA,Alpha,0.9,L_Factor,5,19658,42750,5724
data\chr20c.dat,SA,Alpha,0.9,L_Factor,8,17164,95760,13081
data\chr20c.dat,SA,Alpha,0.95,L_Factor,2,19958,33440,4975
data\chr20c.dat,SA,Alpha,0.95,L_Factor,5,21450,83600,10974
data\chr20c.dat,SA,Alpha,0.95,L_Factor,8,17376,177840,23651
data\chr20c.dat,SA,Alpha,0.99,L_Factor,2,17022,171000,22522
data\chr20c.dat,SA,Alpha,0.99,L_Factor,5,14992,425600,58473
data\chr20c.dat,SA,Alpha,0.99,L_Factor,8,15804,696160,101039
data\chr20c.dat,TS,P_Factor,1,Tenure_Factor,10,20568,11514,3128
data\chr20c.dat,TS,P_Factor,1,Tenure_Factor,4,19612,10032,2605
data\chr20c.dat,TS,P_Factor,1,Tenure_Factor,2,24114,25194,6670
data\chr20c.dat,TS,P_Factor,2,Tenure_Factor,10,17064,18810,4959
data\chr20c.dat,TS,P_Factor,2,Tenure_Factor,4,20214,24130,6451
data\chr20c.dat,TS,P_Factor,2,Tenure_Factor,2,19982,28614,7525
data\chr20c.dat,TS,P_Factor,5,Tenure_Factor,10,27022,58558,13919
data\chr20c.dat,TS,P_Factor,5,Tenure_Factor,4,15672,91086,16683
data\chr20c.dat,TS,P_Factor,5,Tenure_Factor,2,17000,84968,16112
data\chr20c.dat,TS,P_Factor,10,Tenure_Factor,10,24806,84284,13152
data\chr20c.dat,TS,P_Factor,10,Tenure_Factor,4,17128,128364,22830
data\chr20c.dat,TS,P_Factor,10,Tenure_Factor,2,16826,133836,25451
data\chr20c.dat,TS,P_Factor,20,Tenure_Factor,10,16682,163514,29234
data\chr20c.dat,TS,P_Factor,20,Tenure_Factor,4,16996,277020,43815
data\chr20c.dat,TS,P_Factor,20,Tenure_Factor,2,14142,303468,48357
data\chr20c.dat,SA,Alpha,0.8,L_Factor,2,21356,17100,2546
data\chr20c.dat,SA,Alpha,0.8,L_Factor,5,16986,35150,4702
data\chr20c.dat,SA,Alpha,0.8,L_Factor,8,18384,48640,6629
data\chr20c.dat,SA,Alpha,0.85,L_Factor,2,20124,16720,2194
data\chr20c.dat,SA,Alpha,0.85,L_Factor,5,19056,38950,5142
data\chr20c.dat,SA,Alpha,0.85,L_Factor,8,14812,82080,11246
data\chr20c.dat,SA,Alpha,0.9,L_Factor,2,15732,19380,2576
data\chr20c.dat,SA,Alpha,0.9,L_Factor,5,14812,62700,8322
data\chr20c.dat,SA,Alpha,0.9,L_Factor,8,17136,95760,12538
data\chr20c.dat,SA,Alpha,0.95,L_Factor,2,18072,37620,5103
data\chr20c.dat,SA,Alpha,0.95,L_Factor,5,17438,83600,11071
data\chr20c.dat,SA,Alpha,0.95,L_Factor,8,19360,133760,17977
data\chr20c.dat,SA,Alpha,0.99,L_Factor,2,19204,170240,26587
data\chr20c.dat,SA,Alpha,0.99,L_Factor,5,15888,426550,57719
data\chr20c.dat,SA,Alpha,0.99,L_Factor,8,15382,685520,116354
data\chr20c.dat,TS,P_Factor,1,Tenure_Factor,10,22444,12654,1948
data\chr20c.dat,TS,P_Factor,1,Tenure_Factor,4,16834,12312,2698
data\chr20c.dat,TS,P_Factor,1,Tenure_Factor,2,24906,20216,3053
data\chr20c.dat,TS,P_Factor,2,Tenure_Factor,10,18150,55176,8308
data\chr20c.dat,TS,P_Factor,2,Tenure_Factor,4,17122,50730,8201
data\chr20c.dat,TS,P_Factor,2,Tenure_Factor,2,17122,48146,8489
data\chr20c.dat,TS,P_Factor,5,Tenure_Factor,10,18566,54986,8411
data\chr20c.dat,TS,P_Factor,5,Tenure_Factor,4,20626,66766,10203
data\chr20c.dat,TS,P_Factor,5,Tenure_Factor,2,17528,53276,8083
data\chr20c.dat,TS,P_Factor,10,Tenure_Factor,10,16718,100130,15112
data\chr20c.dat,TS,P_Factor,10,Tenure_Factor,4,18376,87970,13806
data\chr20c.dat,TS,P_Factor,10,Tenure_Factor,2,16882,105488,16430
data\chr20c.dat,TS,P_Factor,20,Tenure_Factor,10,16996,258704,51235
data\chr20c.dat,TS,P_Factor,20,Tenure_Factor,4,17578,274550,41414
data\chr20c.dat,TS,P_Factor,20,Tenure_Factor,2,15110,317604,48223
data\chr20c.dat,SA,Alpha,0.8,L_Factor,2,22708,17860,2450
data\chr20c.dat,SA,Alpha,0.8,L_Factor,5,18204,38000,5048
data\chr20c.dat,SA,Alpha,0.8,L_Factor,8,16826,59280,7799
data\chr20c.dat,SA,Alpha,0.85,L_Factor,2,17730,20140,2652
data\chr20c.dat,SA,Alpha,0.85,L_Factor,5,19376,47500,6425
data\chr20c.dat,SA,Alpha,0.85,L_Factor,8,14810,80560,10806
data\chr20c.dat,SA,Alpha,0.9,L_Factor,2,23192,16340,2150
data\chr20c.dat,SA,Alpha,0.9,L_Factor,5,17736,56050,7338
data\chr20c.dat,SA,Alpha,0.9,L_Factor,8,17354,92720,12348
data\chr20c.dat,SA,Alpha,0.95,L_Factor,2,17406,42180,5523
data\chr20c.dat,SA,Alpha,0.95,L_Factor,5,17176,94050,12602
data\chr20c.dat,SA,Alpha,0.95,L_Factor,8,20418,133760,17868
data\chr20c.dat,SA,Alpha,0.99,L_Factor,2,19270,173660,23297
data\chr20c.dat,SA,Alpha,0.99,L_Factor,5,17020,425600,56769
data\chr20c.dat,SA,Alpha,0.99,L_Factor,8,15442,680960,92146
data\chr20c.dat,TS,P_Factor,1,Tenure_Factor,10,17546,13034,1993
data\chr20c.dat,TS,P_Factor,1,Tenure_Factor,4,17624,14060,2908
data\chr20c.dat,TS,P_Factor,1,Tenure_Factor,2,17016,19836,5265
data\chr20c.dat,TS,P_Factor,2,Tenure_Factor,10,16114,25916,7468
data\chr20c.dat,TS,P_Factor,2,Tenure_Factor,4,16714,31464,9035
data\chr20c.dat,TS,P_Factor,2,Tenure_Factor,2,21530,32984,8636
data\chr20c.dat,TS,P_Factor,5,Tenure_Factor,10,17624,64448,9639
data\chr20c.dat,TS,P_Factor,5,Tenure_Factor,4,19366,96710,14640
data\chr20c.dat,TS,P_Factor,5,Tenure_Factor,2,14952,160246,24191
data\chr20c.dat,TS,P_Factor,10,Tenure_Factor,10,18656,78508,11774
data\chr20c.dat,TS,P_Factor,10,Tenure_Factor,4,18460,275614,73276
data\chr20c.dat,TS,P_Factor,10,Tenure_Factor,2,17624,79192,34407
data\chr20c.dat,TS,P_Factor,20,Tenure_Factor,10,16114,249432,73969
data\chr20c.dat,TS,P_Factor,20,Tenure_Factor,4,17624,149150,38253
data\chr20c.dat,TS,P_Factor,20,Tenure_Factor,2,16656,164464,33315
data\chr20c.dat,SA,Alpha,0.8,L_Factor,2,17912,12160,2478
data\chr20c.dat,SA,Alpha,0.8,L_Factor,5,17370,32300,6585
data\chr20c.dat,SA,Alpha,0.8,L_Factor,8,19160,51680,9451
data\chr20c.dat,SA,Alpha,0.85,L_Factor,2,22938,18240,2680
data\chr20c.dat,SA,Alpha,0.85,L_Factor,5,22862,40850,6517
data\chr20c.dat,SA,Alpha,0.85,L_Factor,8,16962,63840,9787
data\chr20c.dat,SA,Alpha,0.9,L_Factor,2,23270,17480,3073
data\chr20c.dat,SA,Alpha,0.9,L_Factor,5,19580,55100,10050
data\chr20c.dat,SA,Alpha,0.9,L_Factor,8,21146,77520,13569
data\chr20c.dat,SA,Alpha,0.95,L_Factor,2,19098,33820,4916
data\chr20c.dat,SA,Alpha,0.95,L_Factor,5,18300,97850,15175
data\chr20c.dat,SA,Alpha,0.95,L_Factor,8,17364,177840,27524
data\chr20c.dat,SA,Alpha,0.99,L_Factor,2,16012,170240,28686
data\chr20c.dat,SA,Alpha,0.99,L_Factor,5,16860,438900,68650
data\chr20c.dat,SA,Alpha,0.99,L_Factor,8,16258,680960,91082
data\chr20c.dat,TS,P_Factor,1,Tenure_Factor,10,23008,27208,4075
data\chr20c.dat,TS,P_Factor,1,Tenure_Factor,4,18218,12046,1809
data\chr20c.dat,TS,P_Factor,1,Tenure_Factor,2,17970,15580,2328
data\chr20c.dat,TS,P_Factor,2,Tenure_Factor,10,23890,16644,2474
data\chr20c.dat,TS,P_Factor,2,Tenure_Factor,4,17370,51262,7775
data\chr20c.dat,TS,P_Factor,2,Tenure_Factor,2,16758,28842,4324
data\chr20c.dat,TS,P_Factor,5,Tenure_Factor,10,22000,41192,6229
data\chr20c.dat,TS,P_Factor,5,Tenure_Factor,4,15792,153330,23013
data\chr20c.dat,TS,P_Factor,5,Tenure_Factor,2,17390,41116,6156
data\chr20c.dat,TS,P_Factor,10,Tenure_Factor,10,18776,102714,16212
data\chr20c.dat,TS,P_Factor,10,Tenure_Factor,4,14810,114988,17192
data\chr20c.dat,TS,P_Factor,10,Tenure_Factor,2,16240,128668,19425
data\chr20c.dat,TS,P_Factor,20,Tenure_Factor,10,19092,177498,26647
data\chr20c.dat,TS,P_Factor,20,Tenure_Factor,4,16114,226138,33843
data\chr20c.dat,TS,P_Factor,20,Tenure_Factor,2,17600,307686,46649
data\chr20c.dat,SA,Alpha,0.8,L_Factor,2,18110,15580,2085
data\chr20c.dat,SA,Alpha,0.8,L_Factor,5,18812,30400,3972
data\chr20c.dat,SA,Alpha,0.8,L_Factor,8,14810,59280,7938
data\chr20c.dat,SA,Alpha,0.85,L_Factor,2,17876,17480,2290
data\chr20c.dat,SA,Alpha,0.85,L_Factor,5,16966,48450,6356
data\chr20c.dat,SA,Alpha,0.85,L_Factor,8,19644,63840,8482
data\chr20c.dat,SA,Alpha,0.9,L_Factor,2,17150,22040,2893
data\chr20c.dat,SA,Alpha,0.9,L_Factor,5,17260,53200,6973
data\chr20c.dat,SA,Alpha,0.9,L_Factor,8,16996,89680,12034
data\chr20c.dat,SA,Alpha,0.95,L_Factor,2,17966,45600,5966
data\chr20c.dat,SA,Alpha,0.95,L_Factor,5,14810,117800,15475
data\chr20c.dat,SA,Alpha,0.95,L_Factor,8,16602,148960,19578
data\chr20c.dat,SA,Alpha,0.99,L_Factor,2,18394,170240,22407
data\chr20c.dat,SA,Alpha,0.99,L_Factor,5,15564,425600,56140
data\chr20c.dat,SA,Alpha,0.99,L_Factor,8,15146,699200,92767
data\chr20c.dat,TS,P_Factor,1,Tenure_Factor,10,18328,23598,3527
data\chr20c.dat,TS,P_Factor,1,Tenure_Factor,4,24344,19190,2866
data\chr20c.dat,TS,P_Factor,1,Tenure_Factor,2,24810,14706,2200
data\chr20c.dat,TS,P_Factor,2,Tenure_Factor,10,21888,32376,4861
data\chr20c.dat,TS,P_Factor,2,Tenure_Factor,4,17602,20710,3096
data\chr20c.dat,TS,P_Factor,2,Tenure_Factor,2,14812,63308,9479
data\chr20c.dat,TS,P_Factor,5,Tenure_Factor,10,20078,57532,8603
data\chr20c.dat,TS,P_Factor,5,Tenure_Factor,4,17370,98876,14844
data\chr20c.dat,TS,P_Factor,5,Tenure_Factor,2,16728,132620,19957
data\chr20c.dat,TS,P_Factor,10,Tenure_Factor,10,20856,83182,12709
data\chr20c.dat,TS,P_Factor,10,Tenure_Factor,4,18774,91884,13689
data\chr20c.dat,TS,P_Factor,10,Tenure_Factor,2,17164,156940,23426
data\chr20c.dat,TS,P_Factor,20,Tenure_Factor,10,17126,265316,93216
data\chr20c.dat,TS,P_Factor,20,Tenure_Factor,4,16114,291612,53537
data\chr20c.dat,TS,P_Factor,20,Tenure_Factor,2,16114,506160,89047
data\chr20c.dat,SA,Alpha,0.8,L_Factor,2,23936,14820,2277
data\chr20c.dat,SA,Alpha,0.8,L_Factor,5,16980,38950,6976
data\chr20c.dat,SA,Alpha,0.8,L_Factor,8,19366,53200,6938
data\chr20c.dat,SA,Alpha,0.85,L_Factor,2,22204,20520,2831
data\chr20c.dat,SA,Alpha,0.85,L_Factor,5,17508,46550,6193
data\chr20c.dat,SA,Alpha,0.85,L_Factor,8,21636,72960,9620
data\chr20c.dat,SA,Alpha,0.9,L_Factor,2,18642,29640,3887
data\chr20c.dat,SA,Alpha,0.9,L_Factor,5,18274,67450,8804
data\chr20c.dat,SA,Alpha,0.9,L_Factor,8,18772,69920,9467
data\chr20c.dat,SA,Alpha,0.95,L_Factor,2,16998,38000,4979
data\chr20c.dat,SA,Alpha,0.95,L_Factor,5,17156,89300,12025
data\chr20c.dat,SA,Alpha,0.95,L_Factor,8,15908,159600,21072
data\chr20c.dat,SA,Alpha,0.99,L_Factor,2,16410,170240,22799
data\chr20c.dat,SA,Alpha,0.99,L_Factor,5,16872,425600,57412
data\chr20c.dat,SA,Alpha,0.99,L_Factor,8,16458,680960,91267
data\chr20c.dat,TS,P_Factor,1,Tenure_Factor,10,31534,10526,1588
data\chr20c.dat,TS,P_Factor,1,Tenure_Factor,4,19018,22762,3476
data\chr20c.dat,TS,P_Factor,1,Tenure_Factor,2,17196,11742,1754
data\chr20c.dat,TS,P_Factor,2,Tenure_Factor,10,20022,26638,3970
data\chr20c.dat,TS,P_Factor,2,Tenure_Factor,4,29662,15618,2340
data\chr20c.dat,TS,P_Factor,2,Tenure_Factor,2,15134,30780,4624
data\chr20c.dat,TS,P_Factor,5,Tenure_Factor,10,19092,57874,8630
data\chr20c.dat,TS,P_Factor,5,Tenure_Factor,4,16086,70034,10543
data\chr20c.dat,TS,P_Factor,5,Tenure_Factor,2,17600,84854,12738
data\chr20c.dat,TS,P_Factor,10,Tenure_Factor,10,17164,117952,17633
data\chr20c.dat,TS,P_Factor,10,Tenure_Factor,4,16664,185630,27803
data\chr20c.dat,TS,P_Factor,10,Tenure_Factor,2,16718,100092,14984
data\chr20c.dat,TS,P_Factor,20,Tenure_Factor,10,17126,313918,47007
data\chr20c.dat,TS,P_Factor,20,Tenure_Factor,4,17122,329156,49442
data\chr20c.dat,TS,P_Factor,20,Tenure_Factor,2,16996,168986,25810
data\chr20c.dat,SA,Alpha,0.8,L_Factor,2,18594,15960,2270
data\chr20c.dat,SA,Alpha,0.8,L_Factor,5,16874,27550,3771
data\chr20c.dat,SA,Alpha,0.8,L_Factor,8,16086,65360,8963
data\chr20c.dat,SA,Alpha,0.85,L_Factor,2,19542,21660,3172
data\chr20c.dat,SA,Alpha,0.85,L_Factor,5,17370,41800,8720
data\chr20c.dat,SA,Alpha,0.85,L_Factor,8,15106,68400,14957
data\chr20c.dat,SA,Alpha,0.9,L_Factor,2,21902,17480,3808
data\chr20c.dat,SA,Alpha,0.9,L_Factor,5,19550,54150,7782
data\chr20c.dat,SA,Alpha,0.9,L_Factor,8,16882,95760,12628
data\chr20c.dat,SA,Alpha,0.95,L_Factor,2,17670,45220,6007
data\chr20c.dat,SA,Alpha,0.95,L_Factor,5,16664,108300,14272
data\chr20c.dat,SA,Alpha,0.95,L_Factor,8,14922,156560,20898
data\chr20c.dat,SA,Alpha,0.99,L_Factor,2,17690,170240,22596
data\chr20c.dat,SA,Alpha,0.99,L_Factor,5,18486,425600,56762
data\chr20c.dat,SA,Alpha,0.99,L_Factor,8,16124,680960,93816
data\chr20c.dat,TS,P_Factor,1,Tenure_Factor,10,19586,13148,2012
data\chr20c.dat,TS,P_Factor,1,Tenure_Factor,4,23422,11894,1919
data\chr20c.dat,TS,P_Factor,1,Tenure_Factor,2,16964,10982,2342
data\chr20c.dat,TS,P_Factor,2,Tenure_Factor,10,24650,23104,5364
data\chr20c.dat,TS,P_Factor,2,Tenure_Factor,4,22278,17290,2608
data\chr20c.dat,TS,P_Factor,2,Tenure_Factor,2,17292,41306,6419
data\chr20c.dat,TS,P_Factor,5,Tenure_Factor,10,15672,83068,13525
data\chr20c.dat,TS,P_Factor,5,Tenure_Factor,4,18110,59090,9441
data\chr20c.dat,TS,P_Factor,5,Tenure_Factor,2,15908,168454,27402
data\chr20c.dat,TS,P_Factor,10,Tenure_Factor,10,15904,81510,12456
data\chr20c.dat,TS,P_Factor,10,Tenure_Factor,4,21730,253916,39123
data\chr20c.dat,TS,P_Factor,10,Tenure_Factor,2,14810,90516,13628
data\chr20c.dat,TS,P_Factor,20,Tenure_Factor,10,22384,153672,23575
data\chr20c.dat,TS,P_Factor,20,Tenure_Factor,4,14996,158004,23845
data\chr20c.dat,TS,P_Factor,20,Tenure_Factor,2,16994,167162,26034
data\chr20c.dat,SA,Alpha,0.8,L_Factor,2,16962,17860,2450
data\chr20c.dat,SA,Alpha,0.8,L_Factor,5,22330,35150,4602
data\chr20c.dat,SA,Alpha,0.8,L_Factor,8,16932,45600,6412
data\chr20c.dat,SA,Alpha,0.85,L_Factor,2,16988,21660,2903
data\chr20c.dat,SA,Alpha,0.85,L_Factor,5,20868,36100,4721
data\chr20c.dat,SA,Alpha,0.85,L_Factor,8,18640,62320,8460
data\chr20c.dat,SA,Alpha,0.9,L_Factor,2,18806,29260,3833
data\chr20c.dat,SA,Alpha,0.9,L_Factor,5,15792,70300,9188
data\chr20c.dat,SA,Alpha,0.9,L_Factor,8,17308,101840,13867
data\chr20c.dat,SA,Alpha,0.95,L_Factor,2,16154,34960,4871
data\chr20c.dat,SA,Alpha,0.95,L_Factor,5,17938,83600,11111
data\chr20c.dat,SA,Alpha,0.95,L_Factor,8,17722,167200,23213
data\chr20c.dat,SA,Alpha,0.99,L_Factor,2,16962,176320,23746
data\chr20c.dat,SA,Alpha,0.99,L_Factor,5,14936,425600,57117
data\chr20c.dat,SA,Alpha,0.99,L_Factor,8,15298,700720,106499
data\chr20c.dat,TS,P_Factor,1,Tenure_Factor,10,20552,12692,1906
data\chr20c.dat,TS,P_Factor,1,Tenure_Factor,4,14812,11666,1739
data\chr20c.dat,TS,P_Factor,1,Tenure_Factor,2,23624,10184,1517
data\chr20c.dat,TS,P_Factor,2,Tenure_Factor,10,21092,21736,3238
data\chr20c.dat,TS,P_Factor,2,Tenure_Factor,4,21098,38874,6181
data\chr20c.dat,TS,P_Factor,2,Tenure_Factor,2,22646,19418,2900
data\chr20c.dat,TS,P_Factor,5,Tenure_Factor,10,21530,46892,6990
data\chr20c.dat,TS,P_Factor,5,Tenure_Factor,4,16292,58862,9273
data\chr20c.dat,TS,P_Factor,5,Tenure_Factor,2,23394,47652,7248
data\chr20c.dat,TS,P_Factor,10,Tenure_Factor,10,19742,185592,28985
data\chr20c.dat,TS,P_Factor,10,Tenure_Factor,4,20552,113164,17818
data\chr20c.dat,TS,P_Factor,10,Tenure_Factor,2,16364,84436,12728
data\chr20c.dat,TS,P_Factor,20,Tenure_Factor,10,16292,197714,30517
data\chr20c.dat,TS,P_Factor,20,Tenure_Factor,4,21744,164616,24764
data\chr20c.dat,TS,P_Factor,20,Tenure_Factor,2,14812,212648,32499
data\chr20c.dat,SA,Alpha,0.8,L_Factor,2,23158,13300,1740
data\chr20c.dat,SA,Alpha,0.8,L_Factor,5,15792,39900,5538
data\chr20c.dat,SA,Alpha,0.8,L_Factor,8,19382,53200,6981
data\chr20c.dat,SA,Alpha,0.85,L_Factor,2,17558,17860,2360
data\chr20c.dat,SA,Alpha,0.85,L_Factor,5,17164,47500,6504
data\chr20c.dat,SA,Alpha,0.85,L_Factor,8,21312,60800,7982
data\chr20c.dat,SA,Alpha,0.9,L_Factor,2,23244,25080,3287
data\chr20c.dat,SA,Alpha,0.9,L_Factor,5,15106,69350,9342
data\chr20c.dat,SA,Alpha,0.9,L_Factor,8,16434,80560,10700
data\chr20c.dat,SA,Alpha,0.95,L_Factor,2,22900,36480,5002
data\chr20c.dat,SA,Alpha,0.95,L_Factor,5,15146,94050,12951
data\chr20c.dat,SA,Alpha,0.95,L_Factor,8,17944,194560,26077
data\chr20c.dat,SA,Alpha,0.99,L_Factor,2,16206,177080,24009
data\chr20c.dat,SA,Alpha,0.99,L_Factor,5,16248,425600,57336
data\chr20c.dat,SA,Alpha,0.99,L_Factor,8,17800,680960,91679
data\chr20c.dat,TS,P_Factor,1,Tenure_Factor,10,18480,16720,3363
data\chr20c.dat,TS,P_Factor,1,Tenure_Factor,4,18668,10792,1615
data\chr20c.dat,TS,P_Factor,1,Tenure_Factor,2,18604,26980,4031
data\chr20c.dat,TS,P_Factor,2,Tenure_Factor,10,23058,26524,3967
data\chr20c.dat,TS,P_Factor,2,Tenure_Factor,4,15106,36898,5576
data\chr20c.dat,TS,P_Factor,2,Tenure_Factor,2,21012,24966,3805
data\chr20c.dat,TS,P_Factor,5,Tenure_Factor,10,16220,40926,6112
data\chr20c.dat,TS,P_Factor,5,Tenure_Factor,4,16524,74860,11345
data\chr20c.dat,TS,P_Factor,5,Tenure_Factor,2,16902,63004,9510
data\chr20c.dat,TS,P_Factor,10,Tenure_Factor,10,17562,150860,22809
data\chr20c.dat,TS,P_Factor,10,Tenure_Factor,4,15792,163856,25587
data\chr20c.dat,TS,P_Factor,10,Tenure_Factor,2,15478,177574,27206
data\chr20c.dat,TS,P_Factor,20,Tenure_Factor,10,16718,298376,49194
data\chr20c.dat,TS,P_Factor,20,Tenure_Factor,4,18964,210254,31824
data\chr20c.dat,TS,P_Factor,20,Tenure_Factor,2,18754,286672,44901
data\chr20c.dat,SA,Alpha,0.8,L_Factor,2,17624,15200,2041
data\chr20c.dat,SA,Alpha,0.8,L_Factor,5,22486,38000,5065
data\chr20c.dat,SA,Alpha,0.8,L_Factor,8,21554,54720,8388
data\chr20c.dat,SA,Alpha,0.85,L_Factor,2,18964,20520,2729
data\chr20c.dat,SA,Alpha,0.85,L_Factor,5,17376,42750,5620
data\chr20c.dat,SA,Alpha,0.85,L_Factor,8,16812,65360,8765
data\chr20c.dat,SA,Alpha,0.9,L_Factor,2,24058,26220,3440
data\chr20c.dat,SA,Alpha,0.9,L_Factor,5,17044,69350,9165
data\chr20c.dat,SA,Alpha,0.9,L_Factor,8,17558,94240,13008
data\chr20c.dat,SA,Alpha,0.95,L_Factor,2,20832,34200,4537
data\chr20c.dat,SA,Alpha,0.95,L_Factor,5,17822,92150,12265
data\chr20c.dat,SA,Alpha,0.95,L_Factor,8,17174,139840,18535
data\chr20c.dat,SA,Alpha,0.99,L_Factor,2,18710,170240,24027
data\chr20c.dat,SA,Alpha,0.99,L_Factor,5,15394,440800,59669
data\chr20c.dat,SA,Alpha,0.99,L_Factor,8,14844,680960,92604
data\chr20c.dat,TS,P_Factor,1,Tenure_Factor,10,16292,15656,2407
data\chr20c.dat,TS,P_Factor,1,Tenure_Factor,4,19152,15504,2340
data\chr20c.dat,TS,P_Factor,1,Tenure_Factor,2,15744,12122,1811
data\chr20c.dat,TS,P_Factor,2,Tenure_Factor,10,24444,29868,4865
data\chr20c.dat,TS,P_Factor,2,Tenure_Factor,4,29972,16530,2559
data\chr20c.dat,TS,P_Factor,2,Tenure_Factor,2,16588,35568,5382
data\chr20c.dat,TS,P_Factor,5,Tenure_Factor,10,19614,59090,9557
data\chr20c.dat,TS,P_Factor,5,Tenure_Factor,4,16986,148200,30154
data\chr20c.dat,TS,P_Factor,5,Tenure_Factor,2,20524,74974,25484
data\chr20c.dat,TS,P_Factor,10,Tenure_Factor,10,20568,133456,129547
data\chr20c.dat,TS,P_Factor,10,Tenure_Factor,4,20572,135850,43526
data\chr20c.dat,TS,P_Factor,10,Tenure_Factor,2,16228,102106,25039
data\chr20c.dat,TS,P_Factor,20,Tenure_Factor,10,19614,155382,39235
data\chr20c.dat,TS,P_Factor,20,Tenure_Factor,4,16664,162526,40013
data\chr20c.dat,TS,P_Factor,20,Tenure_Factor,2,18110,179740,37138
data\chr20c.dat,SA,Alpha,0.8,L_Factor,2,18890,14440,3183
data\chr20c.dat,SA,Alpha,0.8,L_Factor,5,16962,36100,8439
data\chr20c.dat,SA,Alpha,0.8,L_Factor,8,17370,54720,12790
data\chr20c.dat,SA,Alpha,0.85,L_Factor,2,20032,20140,4356
data\chr20c.dat,SA,Alpha,0.85,L_Factor,5,17822,43700,9752
data\chr20c.dat,SA,Alpha,0.85,L_Factor,8,20816,72960,15638
data\chr20c.dat,SA,Alpha,0.9,L_Factor,2,16718,29260,4849
data\chr20c.dat,SA,Alpha,0.9,L_Factor,5,16938,62700,8764
data\chr20c.dat,SA,Alpha,0.9,L_Factor,8,17596,88160,13776
data\chr20c.dat,SA,Alpha,0.95,L_Factor,2,16846,40280,6467
data\chr20c.dat,SA,Alpha,0.95,L_Factor,5,18532,84550,13430
data\chr20c.dat,SA,Alpha,0.95,L_Factor,8,17418,162640,22960
data\chr20c.dat,SA,Alpha,0.99,L_Factor,2,19078,170240,23403
data\chr20c.dat,SA,Alpha,0.99,L_Factor,5,16130,432250,77231
data\chr20c.dat,SA,Alpha,0.99,L_Factor,8,14854,680960,114295
data\chr20c.dat,TS,P_Factor,1,Tenure_Factor,10,24616,12084,1870
data\chr20c.dat,TS,P_Factor,1,Tenure_Factor,4,14810,14630,2217
data\chr20c.dat,TS,P_Factor,1,Tenure_Factor,2,18938,11552,1777
data\chr20c.dat,TS,P_Factor,2,Tenure_Factor,10,23416,20520,3174
data\chr20c.dat,TS,P_Factor,2,Tenure_Factor,4,16206,23940,6080
data\chr20c.dat,TS,P_Factor,2,Tenure_Factor,2,16920,36024,9269
data\chr20c.dat,TS,P_Factor,5,Tenure_Factor,10,16812,76380,12558
data\chr20c.dat,TS,P_Factor,5,Tenure_Factor,4,17380,47804,7535
data\chr20c.dat,TS,P_Factor,5,Tenure_Factor,2,14860,58140,9397
data\chr20c.dat,TS,P_Factor,10,Tenure_Factor,10,17546,88426,15742
data\chr20c.dat,TS,P_Factor,10,Tenure_Factor,4,14810,106742,16873
data\chr20c.dat,TS,P_Factor,10,Tenure_Factor,2,14812,150100,29511
data\chr20c.dat,TS,P_Factor,20,Tenure_Factor,10,17546,294766,71946
data\chr20c.dat,TS,P_Factor,20,Tenure_Factor,4,14810,205314,42436
data\chr20c.dat,TS,P_Factor,20,Tenure_Factor,2,14142,534242,126525
data\chr20c.dat,SA,Alpha,0.8,L_Factor,2,18074,15960,2383
data\chr20c.dat,SA,Alpha,0.8,L_Factor,5,21232,27550,4639
data\chr20c.dat,SA,Alpha,0.8,L_Factor,8,17370,62320,9813
data\chr20c.dat,SA,Alpha,0.85,L_Factor,2,26246,20140,2851
data\chr20c.dat,SA,Alpha,0.85,L_Factor,5,15942,38000,6868
data\chr20c.dat,SA,Alpha,0.85,L_Factor,8,16986,68400,13255
data\chr20c.dat,SA,Alpha,0.9,L_Factor,2,22196,18240,3847
data\chr20c.dat,SA,Alpha,0.9,L_Factor,5,18808,50350,8399
data\chr20c.dat,SA,Alpha,0.9,L_Factor,8,17600,91200,12824
data\chr20c.dat,SA,Alpha,0.95,L_Factor,2,20192,43700,6577
data\chr20c.dat,SA,Alpha,0.95,L_Factor,5,20638,83600,15469
data\chr20c.dat,SA,Alpha,0.95,L_Factor,8,17060,138320,22925
data\chr20c.dat,SA,Alpha,0.99,L_Factor,2,16532,170240,27139
data\chr20c.dat,SA,Alpha,0.99,L_Factor,5,15912,425600,64507
data\chr20c.dat,SA,Alpha,0.99,L_Factor,8,14824,687040,101308
data\chr20c.dat,TS,P_Factor,1,Tenure_Factor,10,26510,17328,2611
data\chr20c.dat,TS,P_Factor,1,Tenure_Factor,4,22458,17594,2655
data\chr20c.dat,TS,P_Factor,1,Tenure_Factor,2,24856,17974,2730
data\chr20c.dat,TS,P_Factor,2,Tenure_Factor,10,24098,35720,6275
data\chr20c.dat,TS,P_Factor,2,Tenure_Factor,4,21220,54150,8201
data\chr20c.dat,TS,P_Factor,2,Tenure_Factor,2,18050,32908,4973
data\chr20c.dat,TS,P_Factor,5,Tenure_Factor,10,21044,60078,9148
data\chr20c.dat,TS,P_Factor,5,Tenure_Factor,4,25946,52972,8044
data\chr20c.dat,TS,P_Factor,5,Tenure_Factor,2,21726,39824,6215
data\chr20c.dat,TS,P_Factor,10,Tenure_Factor,10,16996,246658,37754
data\chr20c.dat,TS,P_Factor,10,Tenure_Factor,4,17308,175788,26470
data\chr20c.dat,TS,P_Factor,10,Tenure_Factor,2,15106,124602,19117
data\chr20c.dat,TS,P_Factor,20,Tenure_Factor,10,23088,191520,29472
data\chr20c.dat,TS,P_Factor,20,Tenure_Factor,4,17438,385358,62262
data\chr20c.dat,TS,P_Factor,20,Tenure_Factor,2,15812,210330,32760
data\chr20c.dat,SA,Alpha,0.8,L_Factor,2,21046,17480,2394
data\chr20c.dat,SA,Alpha,0.8,L_Factor,5,20476,39900,5675
data\chr20c.dat,SA,Alpha,0.8,L_Factor,8,16996,59280,8428
data\chr20c.dat,SA,Alpha,0.85,L_Factor,2,24138,20900,2785
data\chr20c.dat,SA,Alpha,0.85,L_Factor,5,16864,35150,4689
data\chr20c.dat,SA,Alpha,0.85,L_Factor,8,15106,62320,8548
data\chr20c.dat,SA,Alpha,0.9,L_Factor,2,19774,25460,3371
data\chr20c.dat,SA,Alpha,0.9,L_Factor,5,17122,66500,12341
data\chr20c.dat,SA,Alpha,0.9,L_Factor,8,18452,100320,13764
data\chr20c.dat,SA,Alpha,0.95,L_Factor,2,24008,33440,4418
data\chr20c.dat,SA,Alpha,0.95,L_Factor,5,15426,95000,13219
data\chr20c.dat,SA,Alpha,0.95,L_Factor,8,18820,156560,22151
data\chr20c.dat,SA,Alpha,0.99,L_Factor,2,17904,170240,24424
data\chr20c.dat,SA,Alpha,0.99,L_Factor,5,15960,437000,66077
data\chr20c.dat,SA,Alpha,0.99,L_Factor,8,17388,680960,101950
data\chr20c.dat,TS,P_Factor,1,Tenure_Factor,10,17150,12084,2006
data\chr20c.dat,TS,P_Factor,1,Tenure_Factor,4,25204,21128,3706
data\chr20c.dat,TS,P_Factor,1,Tenure_Factor,2,22300,14668,2678
data\chr20c.dat,TS,P_Factor,2,Tenure_Factor,10,23062,27208,4968
data\chr20c.dat,TS,P_Factor,2,Tenure_Factor,4,17918,45106,8100
data\chr20c.dat,TS,P_Factor,2,Tenure_Factor,2,20182,20254,3686
data\chr20c.dat,TS,P_Factor,5,Tenure_Factor,10,17918,93594,16520
data\chr20c.dat,TS,P_Factor,5,Tenure_Factor,4,17928,53694,7991
data\chr20c.dat,TS,P_Factor,5,Tenure_Factor,2,19872,39140,5841
data\chr20c.dat,TS,P_Factor,10,Tenure_Factor,10,26998,125742,18985
data\chr20c.dat,TS,P_Factor,10,Tenure_Factor,4,17126,214054,35033
data\chr20c.dat,TS,P_Factor,10,Tenure_Factor,2,16150,83600,12842
data\chr20c.dat,TS,P_Factor,20,Tenure_Factor,10,26688,147668,22451
data\chr20c.dat,TS,P_Factor,20,Tenure_Factor,4,16220,222300,33427
data\chr20c.dat,TS,P_Factor,20,Tenure_Factor,2,14820,157320,23913
data\chr20c.dat,SA,Alpha,0.8,L_Factor,2,24408,19000,2649
data\chr20c.dat,SA,Alpha,0.8,L_Factor,5,17998,38000,5036
data\chr20c.dat,SA,Alpha,0.8,L_Factor,8,16882,56240,7493
data\chr20c.dat,SA,Alpha,0.85,L_Factor,2,16698,15580,2038
data\chr20c.dat,SA,Alpha,0.85,L_Factor,5,16220,46550,6069
data\chr20c.dat,SA,Alpha,0.85,L_Factor,8,17104,77520,10190
data\chr20c.dat,SA,Alpha,0.9,L_Factor,2,15106,24320,3180
data\chr20c.dat,SA,Alpha,0.9,L_Factor,5,18664,53200,7160
data\chr20c.dat,SA,Alpha,0.9,L_Factor,8,17912,106400,14479
data\chr20c.dat,SA,Alpha,0.95,L_Factor,2,22122,33440,4552
data\chr20c.dat,SA,Alpha,0.95,L_Factor,5,17056,92150,12107
data\chr20c.dat,SA,Alpha,0.95,L_Factor,8,17024,161120,21208
data\chr20c.dat,SA,Alpha,0.99,L_Factor,2,15174,170240,22417
data\chr20c.dat,SA,Alpha,0.99,L_Factor,5,16568,425600,56699
data\chr20c.dat,SA,Alpha,0.99,L_Factor,8,15566,680960,91307
data\chr20c.dat,TS,P_Factor,1,Tenure_Factor,10,18016,12578,1981
data\chr20c.dat,TS,P_Factor,1,Tenure_Factor,4,20122,16758,2620
data\chr20c.dat,TS,P_Factor,1,Tenure_Factor,2,17458,10526,1651
data\chr20c.dat,TS,P_Factor,2,Tenure_Factor,10,23678,34162,5566
data\chr20c.dat,TS,P_Factor,2,Tenure_Factor,4,19120,21774,3381
data\chr20c.dat,TS,P_Factor,2,Tenure_Factor,2,25778,29716,4621
data\chr20c.dat,TS,P_Factor,5,Tenure_Factor,10,19968,48260,7585
data\chr20c.dat,TS,P_Factor,5,Tenure_Factor,4,18072,49438,7401
data\chr20c.dat,TS,P_Factor,5,Tenure_Factor,2,15812,60724,9235
data\chr20c.dat,TS,P_Factor,10,Tenure_Factor,10,14996,74784,11270
data\chr20c.dat,TS,P_Factor,10,Tenure_Factor,4,18016,75278,12196
data\chr20c.dat,TS,P_Factor,10,Tenure_Factor,2,15206,93594,13989
data\chr20c.dat,TS,P_Factor,20,Tenure_Factor,10,16086,184414,27558
data\chr20c.dat,TS,P_Factor,20,Tenure_Factor,4,14996,157396,26977
data\chr20c.dat,TS,P_Factor,20,Tenure_Factor,2,16718,193002,34603
data\chr20c.dat,SA,Alpha,0.8,L_Factor,2,22370,15200,2430
data\chr20c.dat,SA,Alpha,0.8,L_Factor,5,18496,36100,5662
data\chr20c.dat,SA,Alpha,0.8,L_Factor,8,17600,53200,8358
data\chr20c.dat,SA,Alpha,0.85,L_Factor,2,19328,20140,3183
data\chr20c.dat,SA,Alpha,0.85,L_Factor,5,22690,31350,4899
data\chr20c.dat,SA,Alpha,0.85,L_Factor,8,16986,77520,14833
data\chr20c.dat,SA,Alpha,0.9,L_Factor,2,16718,23180,6107
data\chr20c.dat,SA,Alpha,0.9,L_Factor,5,19096,44650,10013
data\chr20c.dat,SA,Alpha,0.9,L_Factor,8,17376,110960,23929
data\chr20c.dat,SA,Alpha,0.95,L_Factor,2,19034,33440,6053
data\chr20c.dat,SA,Alpha,0.95,L_Factor,5,16748,91200,14232
data\chr20c.dat,SA,Alpha,0.95,L_Factor,8,14822,159600,26792
data\chr20c.dat,SA,Alpha,0.99,L_Factor,2,16900,172140,28501
data\chr20c.dat,SA,Alpha,0.99,L_Factor,5,15418,425600,64739
data\chr20c.dat,SA,Alpha,0.99,L_Factor,8,14228,682480,90806
data\chr20c.dat,TS,P_Factor,1,Tenure_Factor,10,18932,31388,4971
data\chr20c.dat,TS,P_Factor,1,Tenure_Factor,4,20482,18126,2772
data\chr20c.dat,TS,P_Factor,1,Tenure_Factor,2,25646,8360,1250
data\chr20c.dat,TS,P_Factor,2,Tenure_Factor,10,24318,21204,3167
data\chr20c.dat,TS,P_Factor,2,Tenure_Factor,4,17938,43510,6523
data\chr20c.dat,TS,P_Factor,2,Tenure_Factor,2,16852,34428,5156
data\chr20c.dat,TS,P_Factor,5,Tenure_Factor,10,24240,69540,10412
data\chr20c.dat,TS,P_Factor,5,Tenure_Factor,4,20538,44726,8522
data\chr20c.dat,TS,P_Factor,5,Tenure_Factor,2,16982,53732,8089
data\chr20c.dat,TS,P_Factor,10,Tenure_Factor,10,24240,78356,11959
data\chr20c.dat,TS,P_Factor,10,Tenure_Factor,4,14810,200146,30397
data\chr20c.dat,TS,P_Factor,10,Tenure_Factor,2,16220,278084,42506
data\chr20c.dat,TS,P_Factor,20,Tenure_Factor,10,18642,183844,27734
data\chr20c.dat,TS,P_Factor,20,Tenure_Factor,4,16664,186580,28222
data\chr20c.dat,TS,P_Factor,20,Tenure_Factor,2,16524,465272,70278
data\chr20c.dat,SA,Alpha,0.8,L_Factor,2,16220,15960,2169
data\chr20c.dat,SA,Alpha,0.8,L_Factor,5,19114,38950,5320
data\chr20c.dat,SA,Alpha,0.8,L_Factor,8,16718,62320,8383
data\chr20c.dat,SA,Alpha,0.85,L_Factor,2,21162,20900,3988
data\chr20c.dat,SA,Alpha,0.85,L_Factor,5,21100,35150,6339
data\chr20c.dat,SA,Alpha,0.85,L_Factor,8,15904,77520,10147
data\chr20c.dat,SA,Alpha,0.9,L_Factor,2,20764,21660,3101
data\chr20c.dat,SA,Alpha,0.9,L_Factor,5,18376,57000,7791
data\chr20c.dat,SA,Alpha,0.9,L_Factor,8,14812,104880,15312
data\chr20c.dat,SA,Alpha,0.95,L_Factor,2,22490,38380,5162
data\chr20c.dat,SA,Alpha,0.95,L_Factor,5,17142,95950,18774
data\chr20c.dat,SA,Alpha,0.95,L_Factor,8,14162,148960,31001
data\chr20c.dat,SA,Alpha,0.99,L_Factor,2,19068,170240,28625
data\chr20c.dat,SA,Alpha,0.99,L_Factor,5,17706,425600,73437
data\chr20c.dat,SA,Alpha,0.99,L_Factor,8,16388,680960,99610
data\chr20c.dat,TS,P_Factor,1,Tenure_Factor,10,16114,9576,1448
data\chr20c.dat,TS,P_Factor,1,Tenure_Factor,4,18110,19228,2899
data\chr20c.dat,TS,P_Factor,1,Tenure_Factor,2,16214,10298,1559
data\chr20c.dat,TS,P_Factor,2,Tenure_Factor,10,19018,17898,2679
data\chr20c.dat,TS,P_Factor,2,Tenure_Factor,4,20780,34314,5208
data\chr20c.dat,TS,P_Factor,2,Tenure_Factor,2,18772,33934,5108
data\chr20c.dat,TS,P_Factor,5,Tenure_Factor,10,19846,57570,9261
data\chr20c.dat,TS,P_Factor,5,Tenure_Factor,4,15106,72618,13423
data\chr20c.dat,TS,P_Factor,5,Tenure_Factor,2,16980,126350,19587
data\chr20c.dat,TS,P_Factor,10,Tenure_Factor,10,18110,123044,18755
data\chr20c.dat,TS,P_Factor,10,Tenure_Factor,4,17364,180956,30528
data\chr20c.dat,TS,P_Factor,10,Tenure_Factor,2,14150,105830,26925
data\chr20c.dat,TS,P_Factor,20,Tenure_Factor,10,22214,150632,38190
data\chr20c.dat,TS,P_Factor,20,Tenure_Factor,4,14812,589608,97486
data\chr20c.dat,TS,P_Factor,20,Tenure_Factor,2,14810,281846,42343
data\chr20c.dat,SA,Alpha,0.8,L_Factor,2,23932,14820,1957
data\chr20c.dat,SA,Alpha,0.8,L_Factor,5,20836,28500,3730
data\chr20c.dat,SA,Alpha,0.8,L_Factor,8,17508,54720,7219
data\chr20c.dat,SA,Alpha,0.85,L_Factor,2,16114,19380,2553
data\chr20c.dat,SA,Alpha,0.85,L_Factor,5,14812,43700,5701
data\chr20c.dat,SA,Alpha,0.85,L_Factor,8,21442,66880,8734
data\chr20c.dat,SA,Alpha,0.9,L_Factor,2,16972,26220,3417
data\chr20c.dat,SA,Alpha,0.9,L_Factor,5,17558,64600,8418
data\chr20c.dat,SA,Alpha,0.9,L_Factor,8,16962,103360,13524
data\chr20c.dat,SA,Alpha,0.95,L_Factor,2,16882,42560,5633
data\chr20c.dat,SA,Alpha,0.95,L_Factor,5,18778,83600,11038
data\chr20c.dat,SA,Alpha,0.95,L_Factor,8,18964,147440,19493
data\chr20c.dat,SA,Alpha,0.99,L_Factor,2,17286,174420,23005
data\chr20c.dat,SA,Alpha,0.99,L_Factor,5,16364,425600,58427
data\chr20c.dat,SA,Alpha,0.99,L_Factor,8,15832,699200,93579
data\chr20c.dat,TS,P_Factor,1,Tenure_Factor,10,23876,8360,1298
data\chr20c.dat,TS,P_Factor,1,Tenure_Factor,4,14146,19646,3380
data\chr20c.dat,TS,P_Factor,1,Tenure_Factor,2,23374,11666,1924
data\chr20c.dat,TS,P_Factor,2,Tenure_Factor,10,21636,28500,4766
data\chr20c.dat,TS,P_Factor,2,Tenure_Factor,4,21636,20748,3346
data\chr20c.dat,TS,P_Factor,2,Tenure_Factor,2,19568,24510,3943
data\chr20c.dat,TS,P_Factor,5,Tenure_Factor,10,22868,120498,18754
data\chr20c.dat,TS,P_Factor,5,Tenure_Factor,4,17624,105792,15958
data\chr20c.dat,TS,P_Factor,5,Tenure_Factor,2,18110,94316,15933
data\chr20c.dat,TS,P_Factor,10,Tenure_Factor,10,17346,88350,13821
data\chr20c.dat,TS,P_Factor,10,Tenure_Factor,4,18110,109136,34683
data\chr20c.dat,TS,P_Factor,10,Tenure_Factor,2,18154,209076,40627
data\chr20c.dat,TS,P_Factor,20,Tenure_Factor,10,17624,230014,62238
data\chr20c.dat,TS,P_Factor,20,Tenure_Factor,4,18110,218196,46250
data\chr20c.dat,TS,P_Factor,20,Tenure_Factor,2,21162,409032,82362
data\chr20c.dat,SA,Alpha,0.8,L_Factor,2,19068,14820,2492
data\chr20c.dat,SA,Alpha,0.8,L_Factor,5,16938,40850,5796
data\chr20c.dat,SA,Alpha,0.8,L_Factor,8,17674,48640,6373
data\chr20c.dat,SA,Alpha,0.85,L_Factor,2,19092,20520,2757
data\chr20c.dat,SA,Alpha,0.85,L_Factor,5,17364,37050,5324
data\chr20c.dat,SA,Alpha,0.85,L_Factor,8,17016,69920,9701
data\chr20c.dat,SA,Alpha,0.9,L_Factor,2,24368,26220,3481
data\chr20c.dat,SA,Alpha,0.9,L_Factor,5,17558,58900,8041
data\chr20c.dat,SA,Alpha,0.9,L_Factor,8,16996,104880,14274
data\chr20c.dat,SA,Alpha,0.95,L_Factor,2,17624,44080,7038
data\chr20c.dat,SA,Alpha,0.95,L_Factor,5,16990,89300,13303
data\chr20c.dat,SA,Alpha,0.95,L_Factor,8,18504,141360,24029
data\chr20c.dat,SA,Alpha,0.99,L_Factor,2,17596,170240,23263
data\chr20c.dat,SA,Alpha,0.99,L_Factor,5,15864,425600,57234
data\chr20c.dat,SA,Alpha,0.99,L_Factor,8,14784,680960,91778
data\chr20c.dat,TS,P_Factor,1,Tenure_Factor,10,21718,31996,4800
data\chr20c.dat,TS,P_Factor,1,Tenure_Factor,4,25244,14592,2232
data\chr20c.dat,TS,P_Factor,1,Tenure_Factor,2,21302,10830,1644
data\chr20c.dat,TS,P_Factor,2,Tenure_Factor,10,21346,18012,2746
data\chr20c.dat,TS,P_Factor,2,Tenure_Factor,4,18964,69312,10738
data\chr20c.dat,TS,P_Factor,2,Tenure_Factor,2,17002,27588,4160
data\chr20c.dat,TS,P_Factor,5,Tenure_Factor,10,22070,112822,17036
data\chr20c.dat,TS,P_Factor,5,Tenure_Factor,4,21766,48070,7179
data\chr20c.dat,TS,P_Factor,5,Tenure_Factor,2,22236,44916,6832
data\chr20c.dat,TS,P_Factor,10,Tenure_Factor,10,21718,107502,16267
data\chr20c.dat,TS,P_Factor,10,Tenure_Factor,4,18964,139460,20928
data\chr20c.dat,TS,P_Factor,10,Tenure_Factor,2,17364,136116,20658
data\chr20c.dat,TS,P_Factor,20,Tenure_Factor,10,18110,183122,27844
data\chr20c.dat,TS,P_Factor,20,Tenure_Factor,4,18110,207214,31997
data\chr20c.dat,TS,P_Factor,20,Tenure_Factor,2,15106,401964,60483
data\chr20c.dat,SA,Alpha,0.8,L_Factor,2,17860,12160,1628
data\chr20c.dat,SA,Alpha,0.8,L_Factor,5,14812,37050,4938
data\chr20c.dat,SA,Alpha,0.8,L_Factor,8,19138,57760,7792
data\chr20c.dat,SA,Alpha,0.85,L_Factor,2,26444,12540,1643
data\chr20c.dat,SA,Alpha,0.85,L_Factor,5,16682,50350,6630
data\chr20c.dat,SA,Alpha,0.85,L_Factor,8,17370,77520,10292
data\chr20c.dat,SA,Alpha,0.9,L_Factor,2,17576,26600,3553
data\chr20c.dat,SA,Alpha,0.9,L_Factor,5,16292,59850,7855
data\chr20c.dat,SA,Alpha,0.9,L_Factor,8,19634,92720,12079
data\chr20c.dat,SA,Alpha,0.95,L_Factor,2,17546,34960,4620
data\chr20c.dat,SA,Alpha,0.95,L_Factor,5,18120,93100,12441
data\chr20c.dat,SA,Alpha,0.95,L_Factor,8,16396,144400,19083
data\chr20c.dat,SA,Alpha,0.99,L_Factor,2,18784,171760,22623
data\chr20c.dat,SA,Alpha,0.99,L_Factor,5,17678,425600,56906
data\chr20c.dat,SA,Alpha,0.99,L_Factor,8,16798,693120,97114
data\chr20c.dat,TS,P_Factor,1,Tenure_Factor,10,18546,10260,1546
data\chr20c.dat,TS,P_Factor,1,Tenure_Factor,4,15680,11666,1746
data\chr20c.dat,TS,P_Factor,1,Tenure_Factor,2,17646,11856,1772
data\chr20c.dat,TS,P_Factor,2,Tenure_Factor,10,21400,17898,2692
data\chr20c.dat,TS,P_Factor,2,Tenure_Factor,4,18572,21964,3295
data\chr20c.dat,TS,P_Factor,2,Tenure_Factor,2,18738,19380,2899
data\chr20c.dat,TS,P_Factor,5,Tenure_Factor,10,18528,62510,9357
data\chr20c.dat,TS,P_Factor,5,Tenure_Factor,4,16468,44004,6563
data\chr20c.dat,TS,P_Factor,5,Tenure_Factor,2,16296,47918,7147
data\chr20c.dat,TS,P_Factor,10,Tenure_Factor,10,16986,177612,26823
data\chr20c.dat,TS,P_Factor,10,Tenure_Factor,4,16996,82916,12380
data\chr20c.dat,TS,P_Factor,10,Tenure_Factor,2,17562,198778,29950
data\chr20c.dat,TS,P_Factor,20,Tenure_Factor,10,22740,173052,26488
data\chr20c.dat,TS,P_Factor,20,Tenure_Factor,4,17558,287888,44915
data\chr20c.dat,TS,P_Factor,20,Tenure_Factor,2,15016,474772,71757
data\chr20c.dat,SA,Alpha,0.8,L_Factor,2,18776,17860,2478
data\chr20c.dat,SA,Alpha,0.8,L_Factor,5,19648,38000,5033
data\chr20c.dat,SA,Alpha,0.8,L_Factor,8,18840,50160,6549
data\chr20c.dat,SA,Alpha,0.85,L_Factor,2,16900,17100,2230
data\chr20c.dat,SA,Alpha,0.85,L_Factor,5,16996,48450,6375
data\chr20c.dat,SA,Alpha,0.85,L_Factor,8,16114,68400,8905
data\chr20c.dat,SA,Alpha,0.9,L_Factor,2,17772,26600,3486
data\chr20c.dat,SA,Alpha,0.9,L_Factor,5,17024,59850,7824
data\chr20c.dat,SA,Alpha,0.9,L_Factor,8,16664,92720,12149
data\chr20c.dat,SA,Alpha,0.95,L_Factor,2,20874,33440,4476
data\chr20c.dat,SA,Alpha,0.95,L_Factor,5,18720,103550,13736
data\chr20c.dat,SA,Alpha,0.95,L_Factor,8,19610,133760,17637
data\chr20c.dat,SA,Alpha,0.99,L_Factor,2,17564,170240,22746
data\chr20c.dat,SA,Alpha,0.99,L_Factor,5,17328,435100,57700
data\chr20c.dat,SA,Alpha,0.99,L_Factor,8,14174,680960,96784
data\chr20c.dat,TS,P_Factor,1,Tenure_Factor,10,23270,23826,3562
data\chr20c.dat,TS,P_Factor,1,Tenure_Factor,4,29654,18582,2989
data\chr20c.dat,TS,P_Factor,1,Tenure_Factor,2,14844,26030,4477
data\chr20c.dat,TS,P_Factor,2,Tenure_Factor,10,27758,31502,4696
data\chr20c.dat,TS,P_Factor,2,Tenure_Factor,4,20090,51376,7682
data\chr20c.dat,TS,P_Factor,2,Tenure_Factor,2,18284,29792,4446
data\chr20c.dat,TS,P_Factor,5,Tenure_Factor,10,21388,116660,17598
data\chr20c.dat,TS,P_Factor,5,Tenure_Factor,4,16664,93860,14079
data\chr20c.dat,TS,P_Factor,5,Tenure_Factor,2,19660,76532,11539
data\chr20c.dat,TS,P_Factor,10,Tenure_Factor,10,16682,155306,23244
data\chr20c.dat,TS,P_Factor,10,Tenure_Factor,4,18786,120878,18051
data\chr20c.dat,TS,P_Factor,10,Tenure_Factor,2,15812,126426,19187
data\chr20c.dat,TS,P_Factor,20,Tenure_Factor,10,14810,183806,27689
data\chr20c.dat,TS,P_Factor,20,Tenure_Factor,4,16962,150518,22974
data\chr20c.dat,TS,P_Factor,20,Tenure_Factor,2,14142,465880,70151
data\esc32a.dat,SA,Alpha,0.8,L_Factor,2,148,36704,6009
data\esc32a.dat,SA,Alpha,0.8,L_Factor,5,136,96720,15982
data\esc32a.dat,SA,Alpha,0.8,L_Factor,8,142,150784,25521
data\esc32a.dat,SA,Alpha,0.85,L_Factor,2,144,46624,7804
data\esc32a.dat,SA,Alpha,0.85,L_Factor,5,136,114080,18943
data\esc32a.dat,SA,Alpha,0.85,L_Factor,8,138,174592,28707
data\esc32a.dat,SA,Alpha,0.9,L_Factor,2,136,71424,12443
data\esc32a.dat,SA,Alpha,0.9,L_Factor,5,142,153760,26673
data\esc32a.dat,SA,Alpha,0.9,L_Factor,8,136,261888,42782
data\esc32a.dat,SA,Alpha,0.95,L_Factor,2,170,87296,14365
data\esc32a.dat,SA,Alpha,0.95,L_Factor,5,138,300080,57930
data\esc32a.dat,SA,Alpha,0.95,L_Factor,8,144,416640,71255
data\esc32a.dat,SA,Alpha,0.99,L_Factor,2,156,450368,76506
data\esc32a.dat,SA,Alpha,0.99,L_Factor,5,156,1133360,187793
data\esc32a.dat,SA,Alpha,0.99,L_Factor,8,166,1777664,302200
data\esc32a.dat,TS,P_Factor,1,Tenure_Factor,10,154,58806,11063
data\esc32a.dat,TS,P_Factor,1,Tenure_Factor,4,138,77121,14405
data\esc32a.dat,TS,P_Factor,1,Tenure_Factor,2,144,73062,13704
data\esc32a.dat,TS,P_Factor,2,Tenure_Factor,10,140,144342,27088
data\esc32a.dat,TS,P_Factor,2,Tenure_Factor,4,136,163548,30403
data\esc32a.dat,TS,P_Factor,2,Tenure_Factor,2,134,110583,20672
data\esc32a.dat,TS,P_Factor,5,Tenure_Factor,10,146,250569,46772
data\esc32a.dat,TS,P_Factor,5,Tenure_Factor,4,136,334521,63884
data\esc32a.dat,TS,P_Factor,5,Tenure_Factor,2,130,643302,120179
data\esc32a.dat,TS,P_Factor,10,Tenure_Factor,10,138,981288,182858
data\esc32a.dat,TS,P_Factor,10,Tenure_Factor,4,134,553212,103100
data\esc32a.dat,TS,P_Factor,10,Tenure_Factor,2,130,581922,108254
data\esc32a.dat,TS,P_Factor,20,Tenure_Factor,10,138,1079595,202052
data\esc32a.dat,TS,P_Factor,20,Tenure_Factor,4,132,1137510,214029
data\esc32a.dat,TS,P_Factor,20,Tenure_Factor,2,130,1347885,252329
data\esc32a.dat,SA,Alpha,0.8,L_Factor,2,144,36704,6223
data\esc32a.dat,SA,Alpha,0.8,L_Factor,5,134,94240,17508
data\esc32a.dat,SA,Alpha,0.8,L_Factor,8,136,146816,24617
data\esc32a.dat,SA,Alpha,0.85,L_Factor,2,144,44640,7329
data\esc32a.dat,SA,Alpha,0.85,L_Factor,5,142,114080,24355
data\esc32a.dat,SA,Alpha,0.85,L_Factor,8,140,174592,30325
data\esc32a.dat,SA,Alpha,0.9,L_Factor,2,140,63488,10468
data\esc32a.dat,SA,Alpha,0.9,L_Factor,5,134,156240,26528
data\esc32a.dat,SA,Alpha,0.9,L_Factor,8,134,261888,44355
data\esc32a.dat,SA,Alpha,0.95,L_Factor,2,140,123008,21004
data\esc32a.dat,SA,Alpha,0.95,L_Factor,5,140,290160,55801
data\esc32a.dat,SA,Alpha,0.95,L_Factor,8,142,499968,83406
data\esc32a.dat,SA,Alpha,0.99,L_Factor,2,168,457312,78119
data\esc32a.dat,SA,Alpha,0.99,L_Factor,5,168,1111040,188472
data\esc32a.dat,SA,Alpha,0.99,L_Factor,8,152,1781632,303444
data\esc32a.dat,TS,P_Factor,1,Tenure_Factor,10,140,66033,12336
data\esc32a.dat,TS,P_Factor,1,Tenure_Factor,4,140,61875,11612
data\esc32a.dat,TS,P_Factor,1,Tenure_Factor,2,140,95832,17858
data\esc32a.dat,TS,P_Factor,2,Tenure_Factor,10,142,178398,33337
data\esc32a.dat,TS,P_Factor,2,Tenure_Factor,4,140,150777,28141
data\esc32a.dat,TS,P_Factor,2,Tenure_Factor,2,132,251955,47146
data\esc32a.dat,TS,P_Factor,5,Tenure_Factor,10,144,259083,48188
data\esc32a.dat,TS,P_Factor,5,Tenure_Factor,4,136,372339,70724
data\esc32a.dat,TS,P_Factor,5,Tenure_Factor,2,132,395802,74672
data\esc32a.dat,TS,P_Factor,10,Tenure_Factor,10,142,771210,147328
data\esc32a.dat,TS,P_Factor,10,Tenure_Factor,4,134,630333,119604
data\esc32a.dat,TS,P_Factor,10,Tenure_Factor,2,132,589050,115937
data\esc32a.dat,TS,P_Factor,20,Tenure_Factor,10,138,1486485,287202
data\esc32a.dat,TS,P_Factor,20,Tenure_Factor,4,130,2046033,395981
data\esc32a.dat,TS,P_Factor,20,Tenure_Factor,2,130,1985247,479929
data\esc32a.dat,SA,Alpha,0.8,L_Factor,2,142,39680,6511
data\esc32a.dat,SA,Alpha,0.8,L_Factor,5,138,94240,15614
data\esc32a.dat,SA,Alpha,0.8,L_Factor,8,132,142848,23951
data\esc32a.dat,SA,Alpha,0.85,L_Factor,2,150,43648,7214
data\esc32a.dat,SA,Alpha,0.85,L_Factor,5,138,114080,19089
data\esc32a.dat,SA,Alpha,0.85,L_Factor,8,138,186496,31573
data\esc32a.dat,SA,Alpha,0.9,L_Factor,2,148,64480,11490
data\esc32a.dat,SA,Alpha,0.9,L_Factor,5,130,161200,26857
data\esc32a.dat,SA,Alpha,0.9,L_Factor,8,134,246016,40832
data\esc32a.dat,SA,Alpha,0.95,L_Factor,2,144,121024,19775
data\esc32a.dat,SA,Alpha,0.95,L_Factor,5,158,238080,39122
data\esc32a.dat,SA,Alpha,0.95,L_Factor,8,140,432512,71567
data\esc32a.dat,SA,Alpha,0.99,L_Factor,2,164,444416,73924
data\esc32a.dat,SA,Alpha,0.99,L_Factor,5,160,1158160,200456
data\esc32a.dat,SA,Alpha,0.99,L_Factor,8,154,1849088,307769
data\esc32a.dat,TS,P_Factor,1,Tenure_Factor,10,138,102366,19181
data\esc32a.dat,TS,P_Factor,1,Tenure_Factor,4,140,108999,20290
data\esc32a.dat,TS,P_Factor,1,Tenure_Factor,2,142,66132,12337
data\esc32a.dat,TS,P_Factor,2,Tenure_Factor,10,148,104940,20761
data\esc32a.dat,TS,P_Factor,2,Tenure_Factor,4,136,297396,55620
data\esc32a.dat,TS,P_Factor,2,Tenure_Factor,2,134,109296,27107
data\esc32a.dat,TS,P_Factor,5,Tenure_Factor,10,144,567072,123080
data\esc32a.dat,TS,P_Factor,5,Tenure_Factor,4,138,356103,86951
data\esc32a.dat,TS,P_Factor,5,Tenure_Factor,2,134,352242,164616
data\esc32a.dat,TS,P_Factor,10,Tenure_Factor,10,136,517077,129990
data\esc32a.dat,TS,P_Factor,10,Tenure_Factor,4,130,823383,196733
data\esc32a.dat,TS,P_Factor,10,Tenure_Factor,2,132,1384020,262874
data\esc32a.dat,TS,P_Factor,20,Tenure_Factor,10,130,1556973,305220
data\esc32a.dat,TS,P_Factor,20,Tenure_Factor,4,130,1519254,289616
data\esc32a.dat,TS,P_Factor,20,Tenure_Factor,2,132,1418472,278310
data\esc32a.dat,SA,Alpha,0.8,L_Factor,2,144,34720,5812
data\esc32a.dat,SA,Alpha,0.8,L_Factor,5,142,86800,14364
data\esc32a.dat,SA,Alpha,0.8,L_Factor,8,136,146816,24033
data\esc32a.dat,SA,Alpha,0.85,L_Factor,2,138,47616,7783
data\esc32a.dat,SA,Alpha,0.85,L_Factor,5,142,111600,18419
data\esc32a.dat,SA,Alpha,0.85,L_Factor,8,138,182528,30063
data\esc32a.dat,SA,Alpha,0.9,L_Factor,2,144,68448,11262
data\esc32a.dat,SA,Alpha,0.9,L_Factor,5,142,143840,23713
data\esc32a.dat,SA,Alpha,0.9,L_Factor,8,142,273792,46134
data\esc32a.dat,SA,Alpha,0.95,L_Factor,2,142,114080,19457
data\esc32a.dat,SA,Alpha,0.95,L_Factor,5,142,292640,49679
data\esc32a.dat,SA,Alpha,0.95,L_Factor,8,136,468224,78031
data\esc32a.dat,SA,Alpha,0.99,L_Factor,2,164,450368,74625
data\esc32a.dat,SA,Alpha,0.99,L_Factor,5,158,1116000,188181
data\esc32a.dat,SA,Alpha,0.99,L_Factor,8,160,1785600,304340
data\esc32a.dat,TS,P_Factor,1,Tenure_Factor,10,142,60885,11409
data\esc32a.dat,TS,P_Factor,1,Tenure_Factor,4,156,75438,14135
data\esc32a.dat,TS,P_Factor,1,Tenure_Factor,2,148,60786,11422
data\esc32a.dat,TS,P_Factor,2,Tenure_Factor,10,144,113454,21243
data\esc32a.dat,TS,P_Factor,2,Tenure_Factor,4,146,132957,24831
data\esc32a.dat,TS,P_Factor,2,Tenure_Factor,2,140,104247,19500
data\esc32a.dat,TS,P_Factor,5,Tenure_Factor,10,142,289476,54225
data\esc32a.dat,TS,P_Factor,5,Tenure_Factor,4,136,544401,102091
data\esc32a.dat,TS,P_Factor,5,Tenure_Factor,2,130,383526,78343
data\esc32a.dat,TS,P_Factor,10,Tenure_Factor,10,140,597366,111743
data\esc32a.dat,TS,P_Factor,10,Tenure_Factor,4,140,535491,100125
data\esc32a.dat,TS,P_Factor,10,Tenure_Factor,2,132,782496,145774
data\esc32a.dat,TS,P_Factor,20,Tenure_Factor,10,138,1103850,205960
data\esc32a.dat,TS,P_Factor,20,Tenure_Factor,4,130,1690029,314593
data\esc32a.dat,TS,P_Factor,20,Tenure_Factor,2,130,1103652,205796
data\esc32a.dat,SA,Alpha,0.8,L_Factor,2,146,51584,8853
data\esc32a.dat,SA,Alpha,0.8,L_Factor,5,144,84320,13741
data\esc32a.dat,SA,Alpha,0.8,L_Factor,8,136,142848,23296
data\esc32a.dat,SA,Alpha,0.85,L_Factor,2,140,49600,8081
data\esc32a.dat,SA,Alpha,0.85,L_Factor,5,140,121520,19808
data\esc32a.dat,SA,Alpha,0.85,L_Factor,8,132,190464,31097
data\esc32a.dat,SA,Alpha,0.9,L_Factor,2,144,69440,11344
data\esc32a.dat,SA,Alpha,0.9,L_Factor,5,138,151280,24754
data\esc32a.dat,SA,Alpha,0.9,L_Factor,8,132,277760,45390
data\esc32a.dat,SA,Alpha,0.95,L_Factor,2,160,98208,16188
data\esc32a.dat,SA,Alpha,0.95,L_Factor,5,142,275280,45307
data\esc32a.dat,SA,Alpha,0.95,L_Factor,8,136,492032,81367
data\esc32a.dat,SA,Alpha,0.99,L_Factor,2,154,464256,77139
data\esc32a.dat,SA,Alpha,0.99,L_Factor,5,166,1111040,184069
data\esc32a.dat,SA,Alpha,0.99,L_Factor,8,162,1777664,293876
data\esc32a.dat,TS,P_Factor,1,Tenure_Factor,10,146,70290,13284
data\esc32a.dat,TS,P_Factor,1,Tenure_Factor,4,140,62766,25143
data\esc32a.dat,TS,P_Factor,1,Tenure_Factor,2,136,124839,25591
data\esc32a.dat,TS,P_Factor,2,Tenure_Factor,10,142,184536,34324
data\esc32a.dat,TS,P_Factor,2,Tenure_Factor,4,130,175626,33862
data\esc32a.dat,TS,P_Factor,2,Tenure_Factor,2,132,231660,44399
data\esc32a.dat,TS,P_Factor,5,Tenure_Factor,10,138,372438,69952
data\esc32a.dat,TS,P_Factor,5,Tenure_Factor,4,136,678546,126844
data\esc32a.dat,TS,P_Factor,5,Tenure_Factor,2,138,329670,63288
data\esc32a.dat,TS,P_Factor,10,Tenure_Factor,10,130,850311,168505
data\esc32a.dat,TS,P_Factor,10,Tenure_Factor,4,138,594396,124563
data\esc32a.dat,TS,P_Factor,10,Tenure_Factor,2,130,648648,126331
data\esc32a.dat,TS,P_Factor,20,Tenure_Factor,10,134,1740123,330038
data\esc32a.dat,TS,P_Factor,20,Tenure_Factor,4,132,1607166,301810
data\esc32a.dat,TS,P_Factor,20,Tenure_Factor,2,130,1298088,246145
data\esc32a.dat,SA,Alpha,0.8,L_Factor,2,138,36704,6023
data\esc32a.dat,SA,Alpha,0.8,L_Factor,5,136,96720,34398
data\esc32a.dat,SA,Alpha,0.8,L_Factor,8,144,154752,30302
data\esc32a.dat,SA,Alpha,0.85,L_Factor,2,136,49600,8879
data\esc32a.dat,SA,Alpha,0.85,L_Factor,5,140,111600,23453
data\esc32a.dat,SA,Alpha,0.85,L_Factor,8,142,178560,29700
data\esc32a.dat,SA,Alpha,0.9,L_Factor,2,140,64480,10609
data\esc32a.dat,SA,Alpha,0.9,L_Factor,5,144,183520,30091
data\esc32a.dat,SA,Alpha,0.9,L_Factor,8,138,238080,52069
data\esc32a.dat,SA,Alpha,0.95,L_Factor,2,148,121024,22917
data\esc32a.dat,SA,Alpha,0.95,L_Factor,5,134,297600,49613
data\esc32a.dat,SA,Alpha,0.95,L_Factor,8,138,499968,82475
data\esc32a.dat,SA,Alpha,0.99,L_Factor,2,164,444416,73833
data\esc32a.dat,SA,Alpha,0.99,L_Factor,5,162,1111040,215386
data\esc32a.dat,SA,Alpha,0.99,L_Factor,8,158,1805440,309290
data\esc32a.dat,TS,P_Factor,1,Tenure_Factor,10,148,52965,9980
data\esc32a.dat,TS,P_Factor,1,Tenure_Factor,4,136,84348,15741
data\esc32a.dat,TS,P_Factor,1,Tenure_Factor,2,138,146223,27571
data\esc32a.dat,TS,P_Factor,2,Tenure_Factor,10,130,229581,42838
data\esc32a.dat,TS,P_Factor,2,Tenure_Factor,4,142,185724,35437
data\esc32a.dat,TS,P_Factor,2,Tenure_Factor,2,134,170676,31919
data\esc32a.dat,TS,P_Factor,5,Tenure_Factor,10,136,275814,52749
data\esc32a.dat,TS,P_Factor,5,Tenure_Factor,4,136,739233,161921
data\esc32a.dat,TS,P_Factor,5,Tenure_Factor,2,134,339174,126884
data\esc32a.dat,TS,P_Factor,10,Tenure_Factor,10,138,511632,157622
data\esc32a.dat,TS,P_Factor,10,Tenure_Factor,4,136,704088,195173
data\esc32a.dat,TS,P_Factor,10,Tenure_Factor,2,130,844965,186252
data\esc32a.dat,TS,P_Factor,20,Tenure_Factor,10,130,2026827,407043
data\esc32a.dat,TS,P_Factor,20,Tenure_Factor,4,134,1088505,220190
data\esc32a.dat,TS,P_Factor,20,Tenure_Factor,2,130,1285218,255378
data\esc32a.dat,SA,Alpha,0.8,L_Factor,2,146,36704,6156
data\esc32a.dat,SA,Alpha,0.8,L_Factor,5,136,99200,17216
data\esc32a.dat,SA,Alpha,0.8,L_Factor,8,140,138880,23585
data\esc32a.dat,SA,Alpha,0.85,L_Factor,2,142,51584,8682
data\esc32a.dat,SA,Alpha,0.85,L_Factor,5,136,114080,19376
data\esc32a.dat,SA,Alpha,0.85,L_Factor,8,132,198400,33580
data\esc32a.dat,SA,Alpha,0.9,L_Factor,2,138,71424,11997
data\esc32a.dat,SA,Alpha,0.9,L_Factor,5,136,161200,27579
data\esc32a.dat,SA,Alpha,0.9,L_Factor,8,132,253952,44118
data\esc32a.dat,SA,Alpha,0.95,L_Factor,2,132,124992,22001
data\esc32a.dat,SA,Alpha,0.95,L_Factor,5,134,270320,47430
data\esc32a.dat,SA,Alpha,0.95,L_Factor,8,132,492032,85326
data\esc32a.dat,SA,Alpha,0.99,L_Factor,2,162,461280,80579
data\esc32a.dat,SA,Alpha,0.99,L_Factor,5,160,1143280,203674
data\esc32a.dat,SA,Alpha,0.99,L_Factor,8,156,1821312,318025
data\esc32a.dat,TS,P_Factor,1,Tenure_Factor,10,148,57024,11257
data\esc32a.dat,TS,P_Factor,1,Tenure_Factor,4,142,112761,22253
data\esc32a.dat,TS,P_Factor,1,Tenure_Factor,2,136,78705,15487
data\esc32a.dat,TS,P_Factor,2,Tenure_Factor,10,134,135333,26978
data\esc32a.dat,TS,P_Factor,2,Tenure_Factor,4,144,173250,33979
data\esc32a.dat,TS,P_Factor,2,Tenure_Factor,2,138,124740,23968
data\esc32a.dat,TS,P_Factor,5,Tenure_Factor,10,132,455796,88681
data\esc32a.dat,TS,P_Factor,5,Tenure_Factor,4,138,358776,71132
data\esc32a.dat,TS,P_Factor,5,Tenure_Factor,2,130,581031,115714
data\esc32a.dat,TS,P_Factor,10,Tenure_Factor,10,138,1298088,265352
data\esc32a.dat,TS,P_Factor,10,Tenure_Factor,4,138,538758,103285
data\esc32a.dat,TS,P_Factor,10,Tenure_Factor,2,130,1125135,225100
data\esc32a.dat,TS,P_Factor,20,Tenure_Factor,10,136,1987722,411764
data\esc32a.dat,TS,P_Factor,20,Tenure_Factor,4,130,2164932,407099
data\esc32a.dat,TS,P_Factor,20,Tenure_Factor,2,130,1039698,202155
data\esc32a.dat,SA,Alpha,0.8,L_Factor,2,146,44640,7533
data\esc32a.dat,SA,Alpha,0.8,L_Factor,5,136,91760,15395
data\esc32a.dat,SA,Alpha,0.8,L_Factor,8,138,150784,25231
data\esc32a.dat,SA,Alpha,0.85,L_Factor,2,140,55552,9155
data\esc32a.dat,SA,Alpha,0.85,L_Factor,5,134,119040,19797
data\esc32a.dat,SA,Alpha,0.85,L_Factor,8,134,174592,31100
data\esc32a.dat,SA,Alpha,0.9,L_Factor,2,146,57536,10627
data\esc32a.dat,SA,Alpha,0.9,L_Factor,5,144,161200,28005
data\esc32a.dat,SA,Alpha,0.9,L_Factor,8,140,246016,41178
data\esc32a.dat,SA,Alpha,0.95,L_Factor,2,144,111104,18619
data\esc32a.dat,SA,Alpha,0.95,L_Factor,5,144,297600,49192
data\esc32a.dat,SA,Alpha,0.95,L_Factor,8,132,480128,79639
data\esc32a.dat,SA,Alpha,0.99,L_Factor,2,168,444416,73760
data\esc32a.dat,SA,Alpha,0.99,L_Factor,5,166,1113520,185198
data\esc32a.dat,SA,Alpha,0.99,L_Factor,8,152,1809408,303627
data\esc32a.dat,TS,P_Factor,1,Tenure_Factor,10,144,83160,16085
data\esc32a.dat,TS,P_Factor,1,Tenure_Factor,4,130,169785,34226
data\esc32a.dat,TS,P_Factor,1,Tenure_Factor,2,138,87021,16478
data\esc32a.dat,TS,P_Factor,2,Tenure_Factor,10,144,105831,19817
data\esc32a.dat,TS,P_Factor,2,Tenure_Factor,4,136,132759,24865
data\esc32a.dat,TS,P_Factor,2,Tenure_Factor,2,134,114741,21654
data\esc32a.dat,TS,P_Factor,5,Tenure_Factor,10,140,278190,52621
data\esc32a.dat,TS,P_Factor,5,Tenure_Factor,4,134,305712,57216
data\esc32a.dat,TS,P_Factor,5,Tenure_Factor,2,134,552024,103474
data\esc32a.dat,TS,P_Factor,10,Tenure_Factor,10,130,696267,129957
data\esc32a.dat,TS,P_Factor,10,Tenure_Factor,4,134,589941,110161
data\esc32a.dat,TS,P_Factor,10,Tenure_Factor,2,130,1288881,240153
data\esc32a.dat,TS,P_Factor,20,Tenure_Factor,10,140,1135728,226087
data\esc32a.dat,TS,P_Factor,20,Tenure_Factor,4,136,1081971,207536
data\esc32a.dat,TS,P_Factor,20,Tenure_Factor,2,130,1795167,352049
data\esc32a.dat,SA,Alpha,0.8,L_Factor,2,138,41664,6987
data\esc32a.dat,SA,Alpha,0.8,L_Factor,5,142,94240,16305
data\esc32a.dat,SA,Alpha,0.8,L_Factor,8,136,142848,23705
data\esc32a.dat,SA,Alpha,0.85,L_Factor,2,148,43648,7161
data\esc32a.dat,SA,Alpha,0.85,L_Factor,5,138,121520,20190
data\esc32a.dat,SA,Alpha,0.85,L_Factor,8,136,186496,31736
data\esc32a.dat,SA,Alpha,0.9,L_Factor,2,138,65472,11806
data\esc32a.dat,SA,Alpha,0.9,L_Factor,5,140,156240,31307
data\esc32a.dat,SA,Alpha,0.9,L_Factor,8,138,261888,47280
data\esc32a.dat,SA,Alpha,0.95,L_Factor,2,142,112096,18804
data\esc32a.dat,SA,Alpha,0.95,L_Factor,5,142,272800,48065
data\esc32a.dat,SA,Alpha,0.95,L_Factor,8,136,464256,81045
data\esc32a.dat,SA,Alpha,0.99,L_Factor,2,164,444416,77544
data\esc32a.dat,SA,Alpha,0.99,L_Factor,5,164,1111040,210372
data\esc32a.dat,SA,Alpha,0.99,L_Factor,8,154,1853056,332338
data\esc32a.dat,TS,P_Factor,1,Tenure_Factor,10,152,65340,12194
data\esc32a.dat,TS,P_Factor,1,Tenure_Factor,4,132,65538,12665
data\esc32a.dat,TS,P_Factor,1,Tenure_Factor,2,142,80091,15176
data\esc32a.dat,TS,P_Factor,2,Tenure_Factor,10,136,213741,39763
data\esc32a.dat,TS,P_Factor,2,Tenure_Factor,4,144,137016,26360
data\esc32a.dat,TS,P_Factor,2,Tenure_Factor,2,138,127710,25274
data\esc32a.dat,TS,P_Factor,5,Tenure_Factor,10,130,615582,116043
data\esc32a.dat,TS,P_Factor,5,Tenure_Factor,4,130,433521,83754
data\esc32a.dat,TS,P_Factor,5,Tenure_Factor,2,132,543807,108598
data\esc32a.dat,TS,P_Factor,10,Tenure_Factor,10,130,1070685,259639
data\esc32a.dat,TS,P_Factor,10,Tenure_Factor,4,130,1400256,269438
data\esc32a.dat,TS,P_Factor,10,Tenure_Factor,2,130,780417,152503
data\esc32a.dat,TS,P_Factor,20,Tenure_Factor,10,132,1984455,383638
data\esc32a.dat,TS,P_Factor,20,Tenure_Factor,4,132,1008711,189410
data\esc32a.dat,TS,P_Factor,20,Tenure_Factor,2,134,1057122,206537
data\esc32a.dat,SA,Alpha,0.8,L_Factor,2,142,45632,7660
data\esc32a.dat,SA,Alpha,0.8,L_Factor,5,138,94240,15384
data\esc32a.dat,SA,Alpha,0.8,L_Factor,8,140,150784,24993
data\esc32a.dat,SA,Alpha,0.85,L_Factor,2,140,44640,7281
data\esc32a.dat,SA,Alpha,0.85,L_Factor,5,146,106640,17866
data\esc32a.dat,SA,Alpha,0.85,L_Factor,8,138,186496,30374
data\esc32a.dat,SA,Alpha,0.9,L_Factor,2,134,67456,10985
data\esc32a.dat,SA,Alpha,0.9,L_Factor,5,132,158720,25904
data\esc32a.dat,SA,Alpha,0.9,L_Factor,8,142,253952,44211
data\esc32a.dat,SA,Alpha,0.95,L_Factor,2,140,118048,19345
data\esc32a.dat,SA,Alpha,0.95,L_Factor,5,136,287680,47501
data\esc32a.dat,SA,Alpha,0.95,L_Factor,8,130,476160,78629
data\esc32a.dat,SA,Alpha,0.99,L_Factor,2,164,454336,78532
data\esc32a.dat,SA,Alpha,0.99,L_Factor,5,168,1111040,190664
data\esc32a.dat,SA,Alpha,0.99,L_Factor,8,154,1888768,322513
data\esc32a.dat,TS,P_Factor,1,Tenure_Factor,10,138,103356,20222
data\esc32a.dat,TS,P_Factor,1,Tenure_Factor,4,138,58509,11518
data\esc32a.dat,TS,P_Factor,1,Tenure_Factor,2,130,155826,29350
data\esc32a.dat,TS,P_Factor,2,Tenure_Factor,10,130,291852,56615
data\esc32a.dat,TS,P_Factor,2,Tenure_Factor,4,140,120186,36134
data\esc32a.dat,TS,P_Factor,2,Tenure_Factor,2,140,177507,43642
data\esc32a.dat,TS,P_Factor,5,Tenure_Factor,10,134,262251,49543
data\esc32a.dat,TS,P_Factor,5,Tenure_Factor,4,136,438867,82929
data\esc32a.dat,TS,P_Factor,5,Tenure_Factor,2,136,499653,94473
data\esc32a.dat,TS,P_Factor,10,Tenure_Factor,10,148,515790,99953
data\esc32a.dat,TS,P_Factor,10,Tenure_Factor,4,132,1151172,227984
data\esc32a.dat,TS,P_Factor,10,Tenure_Factor,2,130,966339,182717
data\esc32a.dat,TS,P_Factor,20,Tenure_Factor,10,136,1080585,205277
data\esc32a.dat,TS,P_Factor,20,Tenure_Factor,4,136,1244727,235391
data\esc32a.dat,TS,P_Factor,20,Tenure_Factor,2,132,1574397,299120
data\esc32a.dat,SA,Alpha,0.8,L_Factor,2,154,39680,6655
data\esc32a.dat,SA,Alpha,0.8,L_Factor,5,136,109120,18850
data\esc32a.dat,SA,Alpha,0.8,L_Factor,8,142,142848,24100
data\esc32a.dat,SA,Alpha,0.85,L_Factor,2,148,45632,7735
data\esc32a.dat,SA,Alpha,0.85,L_Factor,5,142,128960,21811
data\esc32a.dat,SA,Alpha,0.85,L_Factor,8,138,190464,32144
data\esc32a.dat,SA,Alpha,0.9,L_Factor,2,144,75392,12749
data\esc32a.dat,SA,Alpha,0.9,L_Factor,5,138,188480,31880
data\esc32a.dat,SA,Alpha,0.9,L_Factor,8,134,253952,41970
data\esc32a.dat,SA,Alpha,0.95,L_Factor,2,142,112096,18392
data\esc32a.dat,SA,Alpha,0.95,L_Factor,5,136,287680,47209
data\esc32a.dat,SA,Alpha,0.95,L_Factor,8,142,484096,80365
data\esc32a.dat,SA,Alpha,0.99,L_Factor,2,162,460288,77241
data\esc32a.dat,SA,Alpha,0.99,L_Factor,5,152,1158160,191660
data\esc32a.dat,SA,Alpha,0.99,L_Factor,8,160,1793536,299194
data\esc32a.dat,TS,P_Factor,1,Tenure_Factor,10,148,60291,11418
data\esc32a.dat,TS,P_Factor,1,Tenure_Factor,4,140,77913,15719
data\esc32a.dat,TS,P_Factor,1,Tenure_Factor,2,140,106326,19905
data\esc32a.dat,TS,P_Factor,2,Tenure_Factor,10,144,128106,23989
data\esc32a.dat,TS,P_Factor,2,Tenure_Factor,4,136,195030,36766
data\esc32a.dat,TS,P_Factor,2,Tenure_Factor,2,130,154440,29075
data\esc32a.dat,TS,P_Factor,5,Tenure_Factor,10,142,426987,80730
data\esc32a.dat,TS,P_Factor,5,Tenure_Factor,4,130,473418,94424
data\esc32a.dat,TS,P_Factor,5,Tenure_Factor,2,130,503712,96360
data\esc32a.dat,TS,P_Factor,10,Tenure_Factor,10,134,776259,146386
data\esc32a.dat,TS,P_Factor,10,Tenure_Factor,4,132,1199979,246634
data\esc32a.dat,TS,P_Factor,10,Tenure_Factor,2,130,991881,185235
data\esc32a.dat,TS,P_Factor,20,Tenure_Factor,10,140,1111968,209125
data\esc32a.dat,TS,P_Factor,20,Tenure_Factor,4,136,1238490,232139
data\esc32a.dat,TS,P_Factor,20,Tenure_Factor,2,130,1295514,241727
data\esc32a.dat,SA,Alpha,0.8,L_Factor,2,136,39680,8061
data\esc32a.dat,SA,Alpha,0.8,L_Factor,5,140,96720,16008
data\esc32a.dat,SA,Alpha,0.8,L_Factor,8,152,142848,23480
data\esc32a.dat,SA,Alpha,0.85,L_Factor,2,138,45632,7653
data\esc32a.dat,SA,Alpha,0.85,L_Factor,5,142,116560,19046
data\esc32a.dat,SA,Alpha,0.85,L_Factor,8,136,194432,32084
data\esc32a.dat,SA,Alpha,0.9,L_Factor,2,146,62496,10374
data\esc32a.dat,SA,Alpha,0.9,L_Factor,5,140,151280,24729
data\esc32a.dat,SA,Alpha,0.9,L_Factor,8,140,265856,44148
data\esc32a.dat,SA,Alpha,0.95,L_Factor,2,138,119040,19478
data\esc32a.dat,SA,Alpha,0.95,L_Factor,5,132,327360,55236
data\esc32a.dat,SA,Alpha,0.95,L_Factor,8,138,476160,78945
data\esc32a.dat,SA,Alpha,0.99,L_Factor,2,172,444416,73392
data\esc32a.dat,SA,Alpha,0.99,L_Factor,5,158,1111040,183856
data\esc32a.dat,SA,Alpha,0.99,L_Factor,8,150,1857024,312261
data\esc32a.dat,TS,P_Factor,1,Tenure_Factor,10,138,67914,12850
data\esc32a.dat,TS,P_Factor,1,Tenure_Factor,4,138,104445,19758
data\esc32a.dat,TS,P_Factor,1,Tenure_Factor,2,132,68211,12977
data\esc32a.dat,TS,P_Factor,2,Tenure_Factor,10,146,117117,22430
data\esc32a.dat,TS,P_Factor,2,Tenure_Factor,4,136,134937,25273
data\esc32a.dat,TS,P_Factor,2,Tenure_Factor,2,132,306207,57024
data\esc32a.dat,TS,P_Factor,5,Tenure_Factor,10,136,418275,86629
data\esc32a.dat,TS,P_Factor,5,Tenure_Factor,4,134,439164,81532
data\esc32a.dat,TS,P_Factor,5,Tenure_Factor,2,130,861894,160940
data\esc32a.dat,TS,P_Factor,10,Tenure_Factor,10,136,1073655,260615
data\esc32a.dat,TS,P_Factor,10,Tenure_Factor,4,136,1064943,215285
data\esc32a.dat,TS,P_Factor,10,Tenure_Factor,2,130,1008513,218276
data\esc32a.dat,TS,P_Factor,20,Tenure_Factor,10,132,1368576,303943
data\esc32a.dat,TS,P_Factor,20,Tenure_Factor,4,136,1026432,261182
data\esc32a.dat,TS,P_Factor,20,Tenure_Factor,2,130,1440054,326028
data\esc32a.dat,SA,Alpha,0.8,L_Factor,2,150,36704,6433
data\esc32a.dat,SA,Alpha,0.8,L_Factor,5,136,89280,15406
data\esc32a.dat,SA,Alpha,0.8,L_Factor,8,132,146816,25838
data\esc32a.dat,SA,Alpha,0.85,L_Factor,2,144,49600,8301
data\esc32a.dat,SA,Alpha,0.85,L_Factor,5,134,124000,21191
data\esc32a.dat,SA,Alpha,0.85,L_Factor,8,138,178560,29560
data\esc32a.dat,SA,Alpha,0.9,L_Factor,2,140,69440,11317
data\esc32a.dat,SA,Alpha,0.9,L_Factor,5,140,173600,28341
data\esc32a.dat,SA,Alpha,0.9,L_Factor,8,140,265856,44300
data\esc32a.dat,SA,Alpha,0.95,L_Factor,2,144,102176,16778
data\esc32a.dat,SA,Alpha,0.95,L_Factor,5,140,285200,46742
data\esc32a.dat,SA,Alpha,0.95,L_Factor,8,136,448384,78026
data\esc32a.dat,SA,Alpha,0.99,L_Factor,2,168,444416,74791
data\esc32a.dat,SA,Alpha,0.99,L_Factor,5,158,1128400,194910
data\esc32a.dat,SA,Alpha,0.99,L_Factor,8,154,1789568,349581
data\esc32a.dat,TS,P_Factor,1,Tenure_Factor,10,148,59103,12280
data\esc32a.dat,TS,P_Factor,1,Tenure_Factor,4,138,104445,23241
data\esc32a.dat,TS,P_Factor,1,Tenure_Factor,2,140,99990,24871
data\esc32a.dat,TS,P_Factor,2,Tenure_Factor,10,142,170181,37960
data\esc32a.dat,TS,P_Factor,2,Tenure_Factor,4,140,109494,24117
data\esc32a.dat,TS,P_Factor,2,Tenure_Factor,2,136,196515,49409
data\esc32a.dat,TS,P_Factor,5,Tenure_Factor,10,138,265419,87055
data\esc32a.dat,TS,P_Factor,5,Tenure_Factor,4,132,439857,121144
data\esc32a.dat,TS,P_Factor,5,Tenure_Factor,2,130,329472,86644
data\esc32a.dat,TS,P_Factor,10,Tenure_Factor,10,142,534204,128732
data\esc32a.dat,TS,P_Factor,10,Tenure_Factor,4,136,626175,156770
data\esc32a.dat,TS,P_Factor,10,Tenure_Factor,2,132,615384,178951
data\esc32a.dat,TS,P_Factor,20,Tenure_Factor,10,134,1230570,333765
data\esc32a.dat,TS,P_Factor,20,Tenure_Factor,4,132,1317096,334896
data\esc32a.dat,TS,P_Factor,20,Tenure_Factor,2,130,1030788,280249
data\esc32a.dat,SA,Alpha,0.8,L_Factor,2,148,38688,9000
data\esc32a.dat,SA,Alpha,0.8,L_Factor,5,142,94240,23136
data\esc32a.dat,SA,Alpha,0.8,L_Factor,8,132,150784,33799
data\esc32a.dat,SA,Alpha,0.85,L_Factor,2,130,49600,11195
data\esc32a.dat,SA,Alpha,0.85,L_Factor,5,146,106640,22437
data\esc32a.dat,SA,Alpha,0.85,L_Factor,8,132,178560,59965
data\esc32a.dat,SA,Alpha,0.9,L_Factor,2,138,69440,19762
data\esc32a.dat,SA,Alpha,0.9,L_Factor,5,144,163680,39450
data\esc32a.dat,SA,Alpha,0.9,L_Factor,8,134,249984,83655
data\esc32a.dat,SA,Alpha,0.95,L_Factor,2,148,115072,34139
data\esc32a.dat,SA,Alpha,0.95,L_Factor,5,136,285200,67247
data\esc32a.dat,SA,Alpha,0.95,L_Factor,8,140,440448,97899
data\esc32a.dat,SA,Alpha,0.99,L_Factor,2,162,453344,113975
data\esc32a.dat,SA,Alpha,0.99,L_Factor,5,158,1135840,253898
data\esc32a.dat,SA,Alpha,0.99,L_Factor,8,150,1845120,378505
data\esc32a.dat,TS,P_Factor,1,Tenure_Factor,10,146,54846,12036
data\esc32a.dat,TS,P_Factor,1,Tenure_Factor,4,144,54252,11434
data\esc32a.dat,TS,P_Factor,1,Tenure_Factor,2,136,79299,17279
data\esc32a.dat,TS,P_Factor,2,Tenure_Factor,10,142,117909,24651
data\esc32a.dat,TS,P_Factor,2,Tenure_Factor,4,138,112266,23669
data\esc32a.dat,TS,P_Factor,2,Tenure_Factor,2,138,149094,31487
data\esc32a.dat,TS,P_Factor,5,Tenure_Factor,10,138,470052,93781
data\esc32a.dat,TS,P_Factor,5,Tenure_Factor,4,138,265617,52544
data\esc32a.dat,TS,P_Factor,5,Tenure_Factor,2,130,587961,116152
data\esc32a.dat,TS,P_Factor,10,Tenure_Factor,10,136,911592,174153
data\esc32a.dat,TS,P_Factor,10,Tenure_Factor,4,130,658350,123306
data\esc32a.dat,TS,P_Factor,10,Tenure_Factor,2,130,856251,160695
data\esc32a.dat,TS,P_Factor,20,Tenure_Factor,10,138,1530441,315983
data\esc32a.dat,TS,P_Factor,20,Tenure_Factor,4,130,1582713,298068
data\esc32a.dat,TS,P_Factor,20,Tenure_Factor,2,134,1679436,317960
data\esc32a.dat,SA,Alpha,0.8,L_Factor,2,152,35712,5847
data\esc32a.dat,SA,Alpha,0.8,L_Factor,5,138,94240,15470
data\esc32a.dat,SA,Alpha,0.8,L_Factor,8,136,146816,23962
data\esc32a.dat,SA,Alpha,0.85,L_Factor,2,138,52576,8608
data\esc32a.dat,SA,Alpha,0.85,L_Factor,5,142,109120,17982
data\esc32a.dat,SA,Alpha,0.85,L_Factor,8,136,178560,29151
data\esc32a.dat,SA,Alpha,0.9,L_Factor,2,144,66464,11045
data\esc32a.dat,SA,Alpha,0.9,L_Factor,5,136,166160,28756
data\esc32a.dat,SA,Alpha,0.9,L_Factor,8,138,249984,43480
data\esc32a.dat,SA,Alpha,0.95,L_Factor,2,132,125984,21070
data\esc32a.dat,SA,Alpha,0.95,L_Factor,5,132,314960,52534
data\esc32a.dat,SA,Alpha,0.95,L_Factor,8,132,499968,82660
data\esc32a.dat,SA,Alpha,0.99,L_Factor,2,166,447392,77505
data\esc32a.dat,SA,Alpha,0.99,L_Factor,5,164,1111040,188916
data\esc32a.dat,SA,Alpha,0.99,L_Factor,8,160,1793536,303518
data\esc32a.dat,TS,P_Factor,1,Tenure_Factor,10,146,74349,13787
data\esc32a.dat,TS,P_Factor,1,Tenure_Factor,4,136,94248,18187
data\esc32a.dat,TS,P_Factor,1,Tenure_Factor,2,134,107316,22219
data\esc32a.dat,TS,P_Factor,2,Tenure_Factor,10,144,105138,20042
data\esc32a.dat,TS,P_Factor,2,Tenure_Factor,4,142,160281,29981
data\esc32a.dat,TS,P_Factor,2,Tenure_Factor,2,138,121374,25810
data\esc32a.dat,TS,P_Factor,5,Tenure_Factor,10,138,358281,71319
data\esc32a.dat,TS,P_Factor,5,Tenure_Factor,4,132,417186,78301
data\esc32a.dat,TS,P_Factor,5,Tenure_Factor,2,130,347589,65092
data\esc32a.dat,TS,P_Factor,10,Tenure_Factor,10,130,906444,169874
data\esc32a.dat,TS,P_Factor,10,Tenure_Factor,4,136,503910,94209
data\esc32a.dat,TS,P_Factor,10,Tenure_Factor,2,130,614493,114424
data\esc32a.dat,TS,P_Factor,20,Tenure_Factor,10,136,1822095,342151
data\esc32a.dat,TS,P_Factor,20,Tenure_Factor,4,132,2118996,530121
data\esc32a.dat,TS,P_Factor,20,Tenure_Factor,2,130,1128798,335670
data\esc32a.dat,SA,Alpha,0.8,L_Factor,2,142,40672,11827
data\esc32a.dat,SA,Alpha,0.8,L_Factor,5,136,91760,21102
data\esc32a.dat,SA,Alpha,0.8,L_Factor,8,142,154752,47355
data\esc32a.dat,SA,Alpha,0.85,L_Factor,2,140,50592,12933
data\esc32a.dat,SA,Alpha,0.85,L_Factor,5,142,109120,22944
data\esc32a.dat,SA,Alpha,0.85,L_Factor,8,134,190464,49046
data\esc32a.dat,SA,Alpha,0.9,L_Factor,2,144,71424,20329
data\esc32a.dat,SA,Alpha,0.9,L_Factor,5,140,161200,45491
data\esc32a.dat,SA,Alpha,0.9,L_Factor,8,140,249984,58571
data\esc32a.dat,SA,Alpha,0.95,L_Factor,2,138,113088,24291
data\esc32a.dat,SA,Alpha,0.95,L_Factor,5,138,300080,68826
data\esc32a.dat,SA,Alpha,0.95,L_Factor,8,132,480128,128307
data\esc32a.dat,SA,Alpha,0.99,L_Factor,2,168,444416,113525
data\esc32a.dat,SA,Alpha,0.99,L_Factor,5,160,1128400,270575
data\esc32a.dat,SA,Alpha,0.99,L_Factor,8,162,1777664,387908
data\esc32a.dat,TS,P_Factor,1,Tenure_Factor,10,140,75933,18213
data\esc32a.dat,TS,P_Factor,1,Tenure_Factor,4,138,88506,20782
data\esc32a.dat,TS,P_Factor,1,Tenure_Factor,2,140,53856,13714
data\esc32a.dat,TS,P_Factor,2,Tenure_Factor,10,142,254430,57753
data\esc32a.dat,TS,P_Factor,2,Tenure_Factor,4,130,271062,58939
data\esc32a.dat,TS,P_Factor,2,Tenure_Factor,2,134,177705,37976
data\esc32a.dat,TS,P_Factor,5,Tenure_Factor,10,138,492525,103299
data\esc32a.dat,TS,P_Factor,5,Tenure_Factor,4,130,597069,128562
data\esc32a.dat,TS,P_Factor,5,Tenure_Factor,2,130,310266,64274
data\esc32a.dat,TS,P_Factor,10,Tenure_Factor,10,134,892287,180127
data\esc32a.dat,TS,P_Factor,10,Tenure_Factor,4,130,1492029,323696
data\esc32a.dat,TS,P_Factor,10,Tenure_Factor,2,130,642015,153723
data\esc32a.dat,TS,P_Factor,20,Tenure_Factor,10,136,2088504,452066
data\esc32a.dat,TS,P_Factor,20,Tenure_Factor,4,138,1086624,223170
data\esc32a.dat,TS,P_Factor,20,Tenure_Factor,2,130,1125828,226358
data\esc32a.dat,SA,Alpha,0.8,L_Factor,2,140,41664,7513
data\esc32a.dat,SA,Alpha,0.8,L_Factor,5,150,89280,16079
data\esc32a.dat,SA,Alpha,0.8,L_Factor,8,136,158720,27551
data\esc32a.dat,SA,Alpha,0.85,L_Factor,2,150,51584,8903
data\esc32a.dat,SA,Alpha,0.85,L_Factor,5,144,116560,20396
data\esc32a.dat,SA,Alpha,0.85,L_Factor,8,136,174592,30747
data\esc32a.dat,SA,Alpha,0.9,L_Factor,2,132,64480,11169
data\esc32a.dat,SA,Alpha,0.9,L_Factor,5,134,173600,30247
data\esc32a.dat,SA,Alpha,0.9,L_Factor,8,144,238080,42273
data\esc32a.dat,SA,Alpha,0.95,L_Factor,2,164,89280,15556
data\esc32a.dat,SA,Alpha,0.95,L_Factor,5,144,277760,48262
data\esc32a.dat,SA,Alpha,0.95,L_Factor,8,132,484096,83891
data\esc32a.dat,SA,Alpha,0.99,L_Factor,2,170,447392,78367
data\esc32a.dat,SA,Alpha,0.99,L_Factor,5,154,1135840,205034
data\esc32a.dat,SA,Alpha,0.99,L_Factor,8,164,1777664,327488
data\esc32a.dat,TS,P_Factor,1,Tenure_Factor,10,144,63261,13364
data\esc32a.dat,TS,P_Factor,1,Tenure_Factor,4,144,54351,15082
data\esc32a.dat,TS,P_Factor,1,Tenure_Factor,2,132,103950,35229
data\esc32a.dat,TS,P_Factor,2,Tenure_Factor,10,146,142659,49782
data\esc32a.dat,TS,P_Factor,2,Tenure_Factor,4,132,175824,55201
data\esc32a.dat,TS,P_Factor,2,Tenure_Factor,2,140,219285,56415
data\esc32a.dat,TS,P_Factor,5,Tenure_Factor,10,138,668547,163371
data\esc32a.dat,TS,P_Factor,5,Tenure_Factor,4,130,791010,206175
data\esc32a.dat,TS,P_Factor,5,Tenure_Factor,2,130,534006,124212
data\esc32a.dat,TS,P_Factor,10,Tenure_Factor,10,132,1076328,226479
data\esc32a.dat,TS,P_Factor,10,Tenure_Factor,4,130,570141,117062
data\esc32a.dat,TS,P_Factor,10,Tenure_Factor,2,130,1008909,200833
data\esc32a.dat,TS,P_Factor,20,Tenure_Factor,10,130,1916046,389110
data\esc32a.dat,TS,P_Factor,20,Tenure_Factor,4,130,1109889,252888
data\esc32a.dat,TS,P_Factor,20,Tenure_Factor,2,130,1129194,240766
data\esc32a.dat,SA,Alpha,0.8,L_Factor,2,134,39680,9551
data\esc32a.dat,SA,Alpha,0.8,L_Factor,5,142,84320,18169
data\esc32a.dat,SA,Alpha,0.8,L_Factor,8,152,138880,26330
data\esc32a.dat,SA,Alpha,0.85,L_Factor,2,140,50592,9349
data\esc32a.dat,SA,Alpha,0.85,L_Factor,5,138,119040,22030
data\esc32a.dat,SA,Alpha,0.85,L_Factor,8,138,182528,33802
data\esc32a.dat,SA,Alpha,0.9,L_Factor,2,136,66464,12580
data\esc32a.dat,SA,Alpha,0.9,L_Factor,5,138,158720,29844
data\esc32a.dat,SA,Alpha,0.9,L_Factor,8,142,273792,49444
data\esc32a.dat,SA,Alpha,0.95,L_Factor,2,134,118048,21560
data\esc32a.dat,SA,Alpha,0.95,L_Factor,5,136,290160,53078
data\esc32a.dat,SA,Alpha,0.95,L_Factor,8,132,464256,83183
data\esc32a.dat,SA,Alpha,0.99,L_Factor,2,162,447392,78777
data\esc32a.dat,SA,Alpha,0.99,L_Factor,5,164,1113520,217840
data\esc32a.dat,SA,Alpha,0.99,L_Factor,8,156,1789568,365260
data\esc32a.dat,TS,P_Factor,1,Tenure_Factor,10,152,55935,11524
data\esc32a.dat,TS,P_Factor,1,Tenure_Factor,4,140,56727,11569
data\esc32a.dat,TS,P_Factor,1,Tenure_Factor,2,138,56034,11451
data\esc32a.dat,TS,P_Factor,2,Tenure_Factor,10,134,132462,27363
data\esc32a.dat,TS,P_Factor,2,Tenure_Factor,4,146,102168,20870
data\esc32a.dat,TS,P_Factor,2,Tenure_Factor,2,134,204930,41938
data\esc32a.dat,TS,P_Factor,5,Tenure_Factor,10,138,346005,74082
data\esc32a.dat,TS,P_Factor,5,Tenure_Factor,4,130,400158,93268
data\esc32a.dat,TS,P_Factor,5,Tenure_Factor,2,132,437382,86901
data\esc32a.dat,TS,P_Factor,10,Tenure_Factor,10,134,933471,192276
data\esc32a.dat,TS,P_Factor,10,Tenure_Factor,4,134,880209,178414
data\esc32a.dat,TS,P_Factor,10,Tenure_Factor,2,134,910206,182800
data\esc32a.dat,TS,P_Factor,20,Tenure_Factor,10,136,2040489,401962
data\esc32a.dat,TS,P_Factor,20,Tenure_Factor,4,132,1513908,349613
data\esc32a.dat,TS,P_Factor,20,Tenure_Factor,2,130,1259874,493594
data\esc32a.dat,SA,Alpha,0.8,L_Factor,2,154,37696,9401
data\esc32a.dat,SA,Alpha,0.8,L_Factor,5,140,94240,24634
data\esc32a.dat,SA,Alpha,0.8,L_Factor,8,130,154752,54439
data\esc32a.dat,SA,Alpha,0.85,L_Factor,2,148,55552,26786
data\esc32a.dat,SA,Alpha,0.85,L_Factor,5,144,109120,38279
data\esc32a.dat,SA,Alpha,0.85,L_Factor,8,136,186496,51432
data\esc32a.dat,SA,Alpha,0.9,L_Factor,2,144,64480,14675
data\esc32a.dat,SA,Alpha,0.9,L_Factor,5,142,171120,39200
data\esc32a.dat,SA,Alpha,0.9,L_Factor,8,138,253952,91804
data\esc32a.dat,SA,Alpha,0.95,L_Factor,2,140,104160,26427
data\esc32a.dat,SA,Alpha,0.95,L_Factor,5,136,285200,68963
data\esc32a.dat,SA,Alpha,0.95,L_Factor,8,146,416640,87576
data\esc32a.dat,SA,Alpha,0.99,L_Factor,2,160,464256,114695
data\esc32a.dat,SA,Alpha,0.99,L_Factor,5,162,1111040,240982
data\esc32a.dat,SA,Alpha,0.99,L_Factor,8,152,1896704,355368
data\esc32a.dat,TS,P_Factor,1,Tenure_Factor,10,142,76923,15614
data\esc32a.dat,TS,P_Factor,1,Tenure_Factor,4,138,81378,16472
data\esc32a.dat,TS,P_Factor,1,Tenure_Factor,2,142,52470,10371
data\esc32a.dat,TS,P_Factor,2,Tenure_Factor,10,138,390456,77002
data\esc32a.dat,TS,P_Factor,2,Tenure_Factor,4,140,117315,23136
data\esc32a.dat,TS,P_Factor,2,Tenure_Factor,2,140,158301,31131
data\esc32a.dat,TS,P_Factor,5,Tenure_Factor,10,136,697257,135827
data\esc32a.dat,TS,P_Factor,5,Tenure_Factor,4,136,298782,59164
data\esc32a.dat,TS,P_Factor,5,Tenure_Factor,2,134,453915,89882
data\esc32a.dat,TS,P_Factor,10,Tenure_Factor,10,136,662211,129748
data\esc32a.dat,TS,P_Factor,10,Tenure_Factor,4,134,731115,140125
data\esc32a.dat,TS,P_Factor,10,Tenure_Factor,2,134,973665,186433
data\esc32a.dat,TS,P_Factor,20,Tenure_Factor,10,130,1772100,346395
data\esc32a.dat,TS,P_Factor,20,Tenure_Factor,4,130,1558557,302144
data\esc32a.dat,TS,P_Factor,20,Tenure_Factor,2,130,1075734,210904
data\esc32a.dat,SA,Alpha,0.8,L_Factor,2,142,37696,6710
data\esc32a.dat,SA,Alpha,0.8,L_Factor,5,136,91760,16313
data\esc32a.dat,SA,Alpha,0.8,L_Factor,8,140,146816,26173
data\esc32a.dat,SA,Alpha,0.85,L_Factor,2,148,41664,7522
data\esc32a.dat,SA,Alpha,0.85,L_Factor,5,134,121520,22812
data\esc32a.dat,SA,Alpha,0.85,L_Factor,8,140,190464,35499
data\esc32a.dat,SA,Alpha,0.9,L_Factor,2,134,70432,13012
data\esc32a.dat,SA,Alpha,0.9,L_Factor,5,140,168640,34040
data\esc32a.dat,SA,Alpha,0.9,L_Factor,8,132,238080,54097
data\esc32a.dat,SA,Alpha,0.95,L_Factor,2,138,120032,22196
data\esc32a.dat,SA,Alpha,0.95,L_Factor,5,136,305040,56725
data\esc32a.dat,SA,Alpha,0.95,L_Factor,8,134,499968,90347
data\esc32a.dat,SA,Alpha,0.99,L_Factor,2,162,448384,79951
data\esc32a.dat,SA,Alpha,0.99,L_Factor,5,162,1116000,196880
data\esc32a.dat,SA,Alpha,0.99,L_Factor,8,150,1777664,310435
data\esc32a.dat,TS,P_Factor,1,Tenure_Factor,10,134,112167,22032
data\esc32a.dat,TS,P_Factor,1,Tenure_Factor,4,136,92169,18248
data\esc32a.dat,TS,P_Factor,1,Tenure_Factor,2,138,138600,27368
data\esc32a.dat,TS,P_Factor,2,Tenure_Factor,10,144,132462,25387
data\esc32a.dat,TS,P_Factor,2,Tenure_Factor,4,142,132363,25439
data\esc32a.dat,TS,P_Factor,2,Tenure_Factor,2,142,203049,39177
data\esc32a.dat,TS,P_Factor,5,Tenure_Factor,10,136,260865,50036
data\esc32a.dat,TS,P_Factor,5,Tenure_Factor,4,136,374121,71674
data\esc32a.dat,TS,P_Factor,5,Tenure_Factor,2,132,318978,61166
data\esc32a.dat,TS,P_Factor,10,Tenure_Factor,10,140,1045044,206895
data\esc32a.dat,TS,P_Factor,10,Tenure_Factor,4,130,1334322,264048
data\esc32a.dat,TS,P_Factor,10,Tenure_Factor,2,134,986832,208029
data\esc32a.dat,TS,P_Factor,20,Tenure_Factor,10,134,1387782,292235
data\esc32a.dat,TS,P_Factor,20,Tenure_Factor,4,130,1681515,337696
data\esc32a.dat,TS,P_Factor,20,Tenure_Factor,2,130,1722897,348546
