Instance, OptCost, Algorithm, Run, BestCost, Steps, Evaluations, TimeMicros
data\chr20a.dat,2192,Heuristic,1,10042,0,0,9
data\chr20a.dat,2192,Greedy,1,3480,26,759,112
data\chr20a.dat,2192,Steepest,1,3840,8,1710,230
data\chr20a.dat,2192,RandomSearch,1,7420,4,92,172
data\chr20a.dat,2192,RandomWalk,1,6634,515,515,171
data\chr20a.dat,2192,Heuristic,2,10112,0,0,6
data\chr20a.dat,2192,Greedy,2,3262,20,839,179
data\chr20a.dat,2192,Steepest,2,3162,11,2280,406
data\chr20a.dat,2192,RandomSearch,2,7052,5,106,336
data\chr20a.dat,2192,RandomWalk,2,6486,820,820,292
data\chr20a.dat,2192,Heuristic,3,10178,0,0,4
data\chr20a.dat,2192,Greedy,3,3292,25,713,114
data\chr20a.dat,2192,Steepest,3,3022,9,1900,372
data\chr20a.dat,2192,RandomSearch,3,6122,3,94,244
data\chr20a.dat,2192,RandomWalk,3,5670,526,526,243
data\chr20a.dat,2192,Heuristic,4,10928,0,0,4
data\chr20a.dat,2192,Greedy,4,2622,39,1319,187
data\chr20a.dat,2192,Steepest,4,3490,14,2850,345
data\chr20a.dat,2192,RandomSearch,4,5528,4,132,267
data\chr20a.dat,2192,RandomWalk,4,6776,780,780,266
data\chr20a.dat,2192,Heuristic,5,10570,0,0,4
data\chr20a.dat,2192,Greedy,5,3516,26,762,108
data\chr20a.dat,2192,Steepest,5,3324,12,2470,302
data\chr20a.dat,2192,RandomSearch,5,7114,3,112,205
data\chr20a.dat,2192,RandomWalk,5,6732,627,627,205
data\chr20a.dat,2192,Heuristic,6,9458,0,0,3
data\chr20a.dat,2192,Greedy,6,3118,38,1305,176
data\chr20a.dat,2192,Steepest,6,3216,11,2280,277
data\chr20a.dat,2192,RandomSearch,6,7516,7,124,226
data\chr20a.dat,2192,RandomWalk,6,6420,657,657,226
data\chr20a.dat,2192,Heuristic,7,10420,0,0,3
data\chr20a.dat,2192,Greedy,7,2702,37,1074,151
data\chr20a.dat,2192,Steepest,7,3114,13,2660,324
data\chr20a.dat,2192,RandomSearch,7,7590,5,118,238
data\chr20a.dat,2192,RandomWalk,7,6552,681,681,237
data\chr20a.dat,2192,Heuristic,8,10286,0,0,3
data\chr20a.dat,2192,Greedy,8,3540,25,797,112
data\chr20a.dat,2192,Steepest,8,3172,13,2660,313
data\chr20a.dat,2192,RandomSearch,8,6952,6,109,213
data\chr20a.dat,2192,RandomWalk,8,4998,636,636,212
data\chr20a.dat,2192,Heuristic,9,12806,0,0,3
data\chr20a.dat,2192,Greedy,9,3468,13,288,43
data\chr20a.dat,2192,Steepest,9,3014,14,2850,341
data\chr20a.dat,2192,RandomSearch,9,7104,5,106,192
data\chr20a.dat,2192,RandomWalk,9,6302,580,580,192
data\chr20a.dat,2192,Heuristic,10,10044,0,0,6
data\chr20a.dat,2192,Greedy,10,3264,26,1525,208
data\chr20a.dat,2192,Steepest,10,2704,11,2280,304
data\chr20a.dat,2192,RandomSearch,10,5970,4,120,261
data\chr20a.dat,2192,RandomWalk,10,7394,720,720,256
data\chr20c.dat,14142,Heuristic,1,112044,0,0,6
data\chr20c.dat,14142,Greedy,1,26504,37,971,144
data\chr20c.dat,14142,Steepest,1,23710,13,2660,358
data\chr20c.dat,14142,RandomSearch,1,70464,5,116,252
data\chr20c.dat,14142,RandomWalk,1,56586,675,675,251
data\chr20c.dat,14142,Heuristic,2,82900,0,0,4
data\chr20c.dat,14142,Greedy,2,39260,27,780,112
data\chr20c.dat,14142,Steepest,2,23424,12,2470,289
data\chr20c.dat,14142,RandomSearch,2,61592,1,101,201
data\chr20c.dat,14142,RandomWalk,2,61454,385,385,201
data\chr20c.dat,14142,Heuristic,3,95780,0,0,4
data\chr20c.dat,14142,Greedy,3,24284,36,868,128
data\chr20c.dat,14142,Steepest,3,30514,11,2280,278
data\chr20c.dat,14142,RandomSearch,3,64300,3,111,204
data\chr20c.dat,14142,RandomWalk,3,61422,588,588,203
data\chr20c.dat,14142,Heuristic,4,85660,0,0,3
data\chr20c.dat,14142,Greedy,4,28054,31,1251,178
data\chr20c.dat,14142,Steepest,4,23954,16,3230,366
data\chr20c.dat,14142,RandomSearch,4,71226,2,151,273
data\chr20c.dat,14142,RandomWalk,4,61938,831,831,272
data\chr20c.dat,14142,Heuristic,5,88586,0,0,3
data\chr20c.dat,14142,Greedy,5,22946,40,1063,151
data\chr20c.dat,14142,Steepest,5,19614,18,3610,423
data\chr20c.dat,14142,RandomSearch,5,60104,9,157,288
data\chr20c.dat,14142,RandomWalk,5,60802,734,734,288
data\chr20c.dat,14142,Heuristic,6,104974,0,0,5
data\chr20c.dat,14142,Greedy,6,30808,37,1003,195
data\chr20c.dat,14142,Steepest,6,28230,9,1900,538
data\chr20c.dat,14142,RandomSearch,6,69192,7,164,366
data\chr20c.dat,14142,RandomWalk,6,71536,922,922,366
data\chr20c.dat,14142,Heuristic,7,113390,0,0,4
data\chr20c.dat,14142,Greedy,7,22108,37,954,166
data\chr20c.dat,14142,Steepest,7,29866,17,3420,411
data\chr20c.dat,14142,RandomSearch,7,67522,7,148,289
data\chr20c.dat,14142,RandomWalk,7,59554,576,576,288
data\chr20c.dat,14142,Heuristic,8,112282,0,0,11
data\chr20c.dat,14142,Greedy,8,23100,35,938,216
data\chr20c.dat,14142,Steepest,8,25820,13,2660,513
data\chr20c.dat,14142,RandomSearch,8,73236,4,111,367
data\chr20c.dat,14142,RandomWalk,8,62272,673,673,364
data\chr20c.dat,14142,Heuristic,9,96702,0,0,6
data\chr20c.dat,14142,Greedy,9,27364,29,897,201
data\chr20c.dat,14142,Steepest,9,22428,11,2280,289
data\chr20c.dat,14142,RandomSearch,9,69296,2,135,246
data\chr20c.dat,14142,RandomWalk,9,56390,749,749,245
data\chr20c.dat,14142,Heuristic,10,93236,0,0,3
data\chr20c.dat,14142,Greedy,10,30270,33,1133,161
data\chr20c.dat,14142,Steepest,10,27744,14,2850,491
data\chr20c.dat,14142,RandomSearch,10,73216,6,118,328
data\chr20c.dat,14142,RandomWalk,10,64028,628,628,326
data\els19.dat,17212548,Heuristic,1,54160864,0,0,5
data\els19.dat,17212548,Greedy,1,21113684,47,1042,181
data\els19.dat,17212548,Steepest,1,24103890,15,2736,337
data\els19.dat,17212548,RandomSearch,1,30220340,5,121,259
data\els19.dat,17212548,RandomWalk,1,37317286,476,476,259
data\els19.dat,17212548,Heuristic,2,46891824,0,0,8
data\els19.dat,17212548,Greedy,2,21963122,71,1419,252
data\els19.dat,17212548,Steepest,2,25728652,11,2052,394
data\els19.dat,17212548,RandomSearch,2,33504162,5,182,323
data\els19.dat,17212548,RandomWalk,2,29593506,961,961,323
data\els19.dat,17212548,Heuristic,3,60649630,0,0,4
data\els19.dat,17212548,Greedy,3,22756804,48,1119,151
data\els19.dat,17212548,Steepest,3,22287504,12,2223,251
data\els19.dat,17212548,RandomSearch,3,37700896,6,119,201
data\els19.dat,17212548,RandomWalk,3,36512648,622,622,201
data\els19.dat,17212548,Heuristic,4,45390482,0,0,2
data\els19.dat,17212548,Greedy,4,20265368,45,796,110
data\els19.dat,17212548,Steepest,4,17937024,15,2736,313
data\els19.dat,17212548,RandomSearch,4,32324602,5,127,211
data\els19.dat,17212548,RandomWalk,4,34082026,643,643,211
data\els19.dat,17212548,Heuristic,5,45868580,0,0,2
data\els19.dat,17212548,Greedy,5,19640346,37,639,92
data\els19.dat,17212548,Steepest,5,19278506,18,3249,368
data\els19.dat,17212548,RandomSearch,5,34973460,2,138,230
data\els19.dat,17212548,RandomWalk,5,29096592,704,704,230
data\els19.dat,17212548,Heuristic,6,56490364,0,0,2
data\els19.dat,17212548,Greedy,6,27888430,43,1041,144
data\els19.dat,17212548,Steepest,6,26791342,15,2736,302
data\els19.dat,17212548,RandomSearch,6,39689710,5,130,223
data\els19.dat,17212548,RandomWalk,6,28933696,681,681,223
data\els19.dat,17212548,Heuristic,7,65171398,0,0,2
data\els19.dat,17212548,Greedy,7,18057498,49,1290,169
data\els19.dat,17212548,Steepest,7,18057498,11,2052,236
data\els19.dat,17212548,RandomSearch,7,31587192,7,120,202
data\els19.dat,17212548,RandomWalk,7,28501858,628,628,202
data\els19.dat,17212548,Heuristic,8,56588314,0,0,2
data\els19.dat,17212548,Greedy,8,20508428,69,1391,189
data\els19.dat,17212548,Steepest,8,17406426,14,2565,315
data\els19.dat,17212548,RandomSearch,8,35850848,4,57,304
data\els19.dat,17212548,RandomWalk,8,32750642,255,255,252
data\els19.dat,17212548,Heuristic,9,41120978,0,0,10
data\els19.dat,17212548,Greedy,9,17937024,31,955,245
data\els19.dat,17212548,Steepest,9,17937024,17,3078,706
data\els19.dat,17212548,RandomSearch,9,33895468,6,159,476
data\els19.dat,17212548,RandomWalk,9,26439248,826,826,475
data\els19.dat,17212548,Heuristic,10,60301852,0,0,5
data\els19.dat,17212548,Greedy,10,22551738,41,707,158
data\els19.dat,17212548,Steepest,10,17358264,14,2565,539
data\els19.dat,17212548,RandomSearch,10,36415716,6,125,376
data\els19.dat,17212548,RandomWalk,10,32442484,641,641,348
data\esc32a.dat,130,Heuristic,1,452,0,0,19
data\esc32a.dat,130,Greedy,1,162,46,1972,398
data\esc32a.dat,130,Steepest,1,160,20,10416,2847
data\esc32a.dat,130,RandomSearch,1,312,12,460,1623
data\esc32a.dat,130,RandomWalk,1,308,4370,4370,1622
data\esc32a.dat,130,Heuristic,2,448,0,0,7
data\esc32a.dat,130,Greedy,2,174,33,2337,774
data\esc32a.dat,130,Steepest,2,170,14,7440,1834
data\esc32a.dat,130,RandomSearch,2,306,6,364,1305
data\esc32a.dat,130,RandomWalk,2,336,3371,3371,1306
data\esc32a.dat,130,Heuristic,3,486,0,0,6
data\esc32a.dat,130,Greedy,3,164,25,2952,575
data\esc32a.dat,130,Steepest,3,162,11,5952,1293
data\esc32a.dat,130,RandomSearch,3,310,0,155,938
data\esc32a.dat,130,RandomWalk,3,294,2195,2195,935
data\esc32a.dat,130,Heuristic,4,476,0,0,15
data\esc32a.dat,130,Greedy,4,160,43,2402,652
data\esc32a.dat,130,Steepest,4,162,13,6944,1642
data\esc32a.dat,130,RandomSearch,4,356,4,332,1147
data\esc32a.dat,130,RandomWalk,4,302,3113,3113,1147
data\esc32a.dat,130,Heuristic,5,454,0,0,5
data\esc32a.dat,130,Greedy,5,152,40,2993,586
data\esc32a.dat,130,Steepest,5,148,14,7440,2068
data\esc32a.dat,130,RandomSearch,5,334,4,352,1328
data\esc32a.dat,130,RandomWalk,5,306,3411,3411,1327
data\esc32a.dat,130,Heuristic,6,430,0,0,7
data\esc32a.dat,130,Greedy,6,156,39,1488,314
data\esc32a.dat,130,Steepest,6,160,20,10416,2437
data\esc32a.dat,130,RandomSearch,6,340,5,321,1380
data\esc32a.dat,130,RandomWalk,6,314,3332,3332,1375
data\esc32a.dat,130,Heuristic,7,460,0,0,7
data\esc32a.dat,130,Greedy,7,168,30,2250,439
data\esc32a.dat,130,Steepest,7,160,12,6448,1279
data\esc32a.dat,130,RandomSearch,7,338,4,251,862
data\esc32a.dat,130,RandomWalk,7,292,2323,2323,859
data\esc32a.dat,130,Heuristic,8,478,0,0,4
data\esc32a.dat,130,Greedy,8,154,41,1886,373
data\esc32a.dat,130,Steepest,8,154,18,9424,2312
data\esc32a.dat,130,RandomSearch,8,304,5,260,1346
data\esc32a.dat,130,RandomWalk,8,316,2327,2327,1342
data\esc32a.dat,130,Heuristic,9,466,0,0,8
data\esc32a.dat,130,Greedy,9,156,33,2882,915
data\esc32a.dat,130,Steepest,9,164,15,7936,2598
data\esc32a.dat,130,RandomSearch,9,334,5,343,1760
data\esc32a.dat,130,RandomWalk,9,314,3919,3919,1757
data\esc32a.dat,130,Heuristic,10,482,0,0,7
data\esc32a.dat,130,Greedy,10,162,50,4767,1120
data\esc32a.dat,130,Steepest,10,152,17,8928,1753
data\esc32a.dat,130,RandomSearch,10,316,8,413,1441
data\esc32a.dat,130,RandomWalk,10,304,3427,3427,1436
data\esc64a.dat,116,Heuristic,1,272,0,0,16
data\esc64a.dat,116,Greedy,1,116,32,6192,2029
data\esc64a.dat,116,Steepest,1,116,15,32256,11521
data\esc64a.dat,116,RandomSearch,1,208,8,485,6799
data\esc64a.dat,116,RandomWalk,1,200,12903,12903,6775
data\esc64a.dat,116,Heuristic,2,276,0,0,17
data\esc64a.dat,116,Greedy,2,120,32,8651,3312
data\esc64a.dat,116,Steepest,2,124,11,24192,9786
data\esc64a.dat,116,RandomSearch,2,200,5,556,6559
data\esc64a.dat,116,RandomWalk,2,196,12869,12869,6550
data\esc64a.dat,116,Heuristic,3,254,0,0,14
data\esc64a.dat,116,Greedy,3,116,36,7837,2621
data\esc64a.dat,116,Steepest,3,116,13,28224,9380
data\esc64a.dat,116,RandomSearch,3,208,4,584,6004
data\esc64a.dat,116,RandomWalk,3,198,11851,11851,6000
data\esc64a.dat,116,Heuristic,4,252,0,0,13
data\esc64a.dat,116,Greedy,4,122,30,8596,2844
data\esc64a.dat,116,Steepest,4,116,13,28224,9063
data\esc64a.dat,116,RandomSearch,4,200,6,579,5962
data\esc64a.dat,116,RandomWalk,4,204,11798,11798,5953
data\esc64a.dat,116,Heuristic,5,284,0,0,12
data\esc64a.dat,116,Greedy,5,120,22,4588,1278
data\esc64a.dat,116,Steepest,5,116,10,22176,5626
data\esc64a.dat,116,RandomSearch,5,210,2,445,3458
data\esc64a.dat,116,RandomWalk,5,190,10512,10512,3452
data\esc64a.dat,116,Heuristic,6,264,0,0,8
data\esc64a.dat,116,Greedy,6,116,33,6709,1418
data\esc64a.dat,116,Steepest,6,122,12,26208,5379
data\esc64a.dat,116,RandomSearch,6,208,7,527,3425
data\esc64a.dat,116,RandomWalk,6,212,10272,10272,3398
data\esc64a.dat,116,Heuristic,7,280,0,0,7
data\esc64a.dat,116,Greedy,7,118,29,5907,1191
data\esc64a.dat,116,Steepest,7,118,11,24192,4925
data\esc64a.dat,116,RandomSearch,7,202,4,477,3063
data\esc64a.dat,116,RandomWalk,7,204,9656,9656,3058
data\esc64a.dat,116,Heuristic,8,300,0,0,6
data\esc64a.dat,116,Greedy,8,118,30,9657,2027
data\esc64a.dat,116,Steepest,8,116,13,28224,5674
data\esc64a.dat,116,RandomSearch,8,216,6,530,3856
data\esc64a.dat,116,RandomWalk,8,188,9792,9792,3850
data\esc64a.dat,116,Heuristic,9,254,0,0,10
data\esc64a.dat,116,Greedy,9,116,24,6214,1676
data\esc64a.dat,116,Steepest,9,118,11,24192,6801
data\esc64a.dat,116,RandomSearch,9,206,4,410,4243
data\esc64a.dat,116,RandomWalk,9,198,8400,8400,4238
data\esc64a.dat,116,Heuristic,10,266,0,0,11
data\esc64a.dat,116,Greedy,10,116,31,5201,1683
data\esc64a.dat,116,Steepest,10,122,14,30240,9829
data\esc64a.dat,116,RandomSearch,10,204,5,562,5763
data\esc64a.dat,116,RandomWalk,10,206,11226,11226,5756
data\nug12.dat,578,Heuristic,1,854,0,0,3
data\nug12.dat,578,Greedy,1,590,16,305,48
data\nug12.dat,578,Steepest,1,600,7,528,48
data\nug12.dat,578,RandomSearch,1,712,4,45,48
data\nug12.dat,578,RandomWalk,1,660,168,168,48
data\nug12.dat,578,Heuristic,2,824,0,0,2
data\nug12.dat,578,Greedy,2,616,8,228,24
data\nug12.dat,578,Steepest,2,590,9,660,52
data\nug12.dat,578,RandomSearch,2,680,4,40,38
data\nug12.dat,578,RandomWalk,2,710,133,133,38
data\nug12.dat,578,Heuristic,3,854,0,0,1
data\nug12.dat,578,Greedy,3,630,6,117,12
data\nug12.dat,578,Steepest,3,610,3,264,22
data\nug12.dat,578,RandomSearch,3,722,2,18,17
data\nug12.dat,578,RandomWalk,3,720,61,61,17
data\nug12.dat,578,Heuristic,4,816,0,0,1
data\nug12.dat,578,Greedy,4,600,10,180,19
data\nug12.dat,578,Steepest,4,630,5,396,33
data\nug12.dat,578,RandomSearch,4,762,3,27,26
data\nug12.dat,578,RandomWalk,4,678,96,96,26
data\nug12.dat,578,Heuristic,5,808,0,0,1
data\nug12.dat,578,Greedy,5,620,12,172,18
data\nug12.dat,578,Steepest,5,602,5,396,31
data\nug12.dat,578,RandomSearch,5,732,3,25,24
data\nug12.dat,578,RandomWalk,5,678,86,86,24
data\nug12.dat,578,Heuristic,6,830,0,0,1
data\nug12.dat,578,Greedy,6,606,14,148,16
data\nug12.dat,578,Steepest,6,628,4,330,27
data\nug12.dat,578,RandomSearch,6,674,3,22,21
data\nug12.dat,578,RandomWalk,6,700,73,73,21
data\nug12.dat,578,Heuristic,7,866,0,0,1
data\nug12.dat,578,Greedy,7,612,9,282,28
data\nug12.dat,578,Steepest,7,582,7,528,42
data\nug12.dat,578,RandomSearch,7,738,3,38,36
data\nug12.dat,578,RandomWalk,7,676,125,125,35
data\nug12.dat,578,Heuristic,8,828,0,0,1
data\nug12.dat,578,Greedy,8,634,13,120,13
data\nug12.dat,578,Steepest,8,594,7,528,44
data\nug12.dat,578,RandomSearch,8,738,3,30,28
data\nug12.dat,578,RandomWalk,8,680,101,101,28
data\nug12.dat,578,Heuristic,9,820,0,0,1
data\nug12.dat,578,Greedy,9,640,7,140,15
data\nug12.dat,578,Steepest,9,600,4,330,26
data\nug12.dat,578,RandomSearch,9,740,2,22,20
data\nug12.dat,578,RandomWalk,9,672,73,73,20
data\nug12.dat,578,Heuristic,10,818,0,0,1
data\nug12.dat,578,Greedy,10,590,23,294,32
data\nug12.dat,578,Steepest,10,620,4,330,29
data\nug12.dat,578,RandomSearch,10,718,3,32,31
data\nug12.dat,578,RandomWalk,10,708,98,98,30
data\nug20.dat,2570,Heuristic,1,3404,0,0,5
data\nug20.dat,2570,Greedy,1,2772,32,1055,181
data\nug20.dat,2570,Steepest,1,2692,10,2090,266
data\nug20.dat,2570,RandomSearch,1,3090,3,102,225
data\nug20.dat,2570,RandomWalk,1,3020,662,662,223
data\nug20.dat,2570,Heuristic,2,3498,0,0,4
data\nug20.dat,2570,Greedy,2,2714,24,791,116
data\nug20.dat,2570,Steepest,2,2700,8,1710,349
data\nug20.dat,2570,RandomSearch,2,3102,0,115,232
data\nug20.dat,2570,RandomWalk,2,3080,701,701,232
data\nug20.dat,2570,Heuristic,3,3270,0,0,4
data\nug20.dat,2570,Greedy,3,2784,25,628,95
data\nug20.dat,2570,Steepest,3,2654,11,2280,297
data\nug20.dat,2570,RandomSearch,3,3136,3,106,196
data\nug20.dat,2570,RandomWalk,3,3102,562,562,196
data\nug20.dat,2570,Heuristic,4,3104,0,0,3
data\nug20.dat,2570,Greedy,4,2702,28,603,88
data\nug20.dat,2570,Steepest,4,2654,14,2850,339
data\nug20.dat,2570,RandomSearch,4,3112,5,115,213
data\nug20.dat,2570,RandomWalk,4,3150,645,645,213
data\nug20.dat,2570,Heuristic,5,3294,0,0,3
data\nug20.dat,2570,Greedy,5,2656,19,710,102
data\nug20.dat,2570,Steepest,5,2682,6,1330,170
data\nug20.dat,2570,RandomSearch,5,3164,4,74,136
data\nug20.dat,2570,RandomWalk,5,3088,418,418,136
data\nug20.dat,2570,Heuristic,6,3596,0,0,3
data\nug20.dat,2570,Greedy,6,2730,28,733,104
data\nug20.dat,2570,Steepest,6,2626,15,3040,353
data\nug20.dat,2570,RandomSearch,6,3120,6,126,228
data\nug20.dat,2570,RandomWalk,6,3032,697,697,228
data\nug20.dat,2570,Heuristic,7,3544,0,0,2
data\nug20.dat,2570,Greedy,7,2702,45,1156,163
data\nug20.dat,2570,Steepest,7,2658,16,3230,387
data\nug20.dat,2570,RandomSearch,7,3060,5,150,276
data\nug20.dat,2570,RandomWalk,7,3058,846,846,275
data\nug20.dat,2570,Heuristic,8,3462,0,0,3
data\nug20.dat,2570,Greedy,8,2674,38,1137,162
data\nug20.dat,2570,Steepest,8,2648,14,2850,336
data\nug20.dat,2570,RandomSearch,8,3110,3,136,249
data\nug20.dat,2570,RandomWalk,8,3086,766,766,249
data\nug20.dat,2570,Heuristic,9,3602,0,0,3
data\nug20.dat,2570,Greedy,9,2654,23,709,102
data\nug20.dat,2570,Steepest,9,2686,12,2470,299
data\nug20.dat,2570,RandomSearch,9,3062,5,109,201
data\nug20.dat,2570,RandomWalk,9,3034,610,610,200
data\nug20.dat,2570,Heuristic,10,3468,0,0,2
data\nug20.dat,2570,Greedy,10,2632,31,943,134
data\nug20.dat,2570,Steepest,10,2762,8,1710,211
data\nug20.dat,2570,RandomSearch,10,3074,4,94,173
data\nug20.dat,2570,RandomWalk,10,3100,515,515,176
data\nug30.dat,6124,Heuristic,1,8212,0,0,10
data\nug30.dat,6124,Greedy,1,6282,63,4782,1064
data\nug30.dat,6124,Steepest,1,6312,24,10875,2023
data\nug30.dat,6124,RandomSearch,1,7456,4,486,1545
data\nug30.dat,6124,RandomWalk,1,7444,4523,4523,1543
data\nug30.dat,6124,Heuristic,2,8430,0,0,7
data\nug30.dat,6124,Greedy,2,6332,53,3303,640
data\nug30.dat,6124,Steepest,2,6462,23,10440,2059
data\nug30.dat,6124,RandomSearch,2,7456,6,346,1351
data\nug30.dat,6124,RandomWalk,2,7204,3785,3785,1349
data\nug30.dat,6124,Heuristic,3,8020,0,0,14
data\nug30.dat,6124,Greedy,3,6500,54,3505,1052
data\nug30.dat,6124,Steepest,3,6318,26,11745,3409
data\nug30.dat,6124,RandomSearch,3,7458,5,419,2236
data\nug30.dat,6124,RandomWalk,3,7544,3805,3805,2231
data\nug30.dat,6124,Heuristic,4,7938,0,0,12
data\nug30.dat,6124,Greedy,4,6478,54,2684,782
data\nug30.dat,6124,Steepest,4,6436,23,10440,2060
data\nug30.dat,6124,RandomSearch,4,7470,8,448,1424
data\nug30.dat,6124,RandomWalk,4,7480,3982,3982,1421
data\nug30.dat,6124,Heuristic,5,8080,0,0,9
data\nug30.dat,6124,Greedy,5,6384,50,2132,418
data\nug30.dat,6124,Steepest,5,6350,23,10440,2458
data\nug30.dat,6124,RandomSearch,5,7562,3,449,1441
data\nug30.dat,6124,RandomWalk,5,7388,4171,4171,1438
data\nug30.dat,6124,Heuristic,6,8144,0,0,11
data\nug30.dat,6124,Greedy,6,6484,52,2994,728
data\nug30.dat,6124,Steepest,6,6390,28,12615,4811
data\nug30.dat,6124,RandomSearch,6,7460,2,597,2772
data\nug30.dat,6124,RandomWalk,6,7202,7545,7545,2770
data\nug30.dat,6124,Heuristic,7,7942,0,0,9
data\nug30.dat,6124,Greedy,7,6472,50,2363,589
data\nug30.dat,6124,Steepest,7,6502,16,7395,1422
data\nug30.dat,6124,RandomSearch,7,7430,8,311,1005
data\nug30.dat,6124,RandomWalk,7,7422,2782,2782,1006
data\nug30.dat,6124,Heuristic,8,8126,0,0,8
data\nug30.dat,6124,Greedy,8,6366,65,2186,422
data\nug30.dat,6124,Steepest,8,6364,28,12615,2353
data\nug30.dat,6124,RandomSearch,8,7618,2,433,1390
data\nug30.dat,6124,RandomWalk,8,7362,3772,3772,1387
data\nug30.dat,6124,Heuristic,9,7990,0,0,8
data\nug30.dat,6124,Greedy,9,6386,49,3119,641
data\nug30.dat,6124,Steepest,9,6342,24,10875,2379
data\nug30.dat,6124,RandomSearch,9,7408,4,473,1511
data\nug30.dat,6124,RandomWalk,9,7506,4477,4477,1510
data\nug30.dat,6124,Heuristic,10,8186,0,0,9
data\nug30.dat,6124,Greedy,10,6340,65,3283,625
data\nug30.dat,6124,Steepest,10,6386,20,9135,1732
data\nug30.dat,6124,RandomSearch,10,7490,7,364,1180
data\nug30.dat,6124,RandomWalk,10,7436,3457,3457,1178
data\tai17a.dat,491812,Heuristic,1,636112,0,0,4
data\tai17a.dat,491812,Greedy,1,518420,26,860,124
data\tai17a.dat,491812,Steepest,1,529758,7,1088,121
data\tai17a.dat,491812,RandomSearch,1,585160,3,80,123
data\tai17a.dat,491812,RandomWalk,1,577778,303,303,122
data\tai17a.dat,491812,Heuristic,2,643310,0,0,7
data\tai17a.dat,491812,Greedy,2,517108,26,657,144
data\tai17a.dat,491812,Steepest,2,509180,10,1496,202
data\tai17a.dat,491812,RandomSearch,2,580434,7,101,175
data\tai17a.dat,491812,RandomWalk,2,575108,513,513,173
data\tai17a.dat,491812,Heuristic,3,641872,0,0,4
data\tai17a.dat,491812,Greedy,3,530726,17,275,58
data\tai17a.dat,491812,Steepest,3,496906,16,2312,357
data\tai17a.dat,491812,RandomSearch,3,582404,3,127,207
data\tai17a.dat,491812,RandomWalk,3,551570,578,578,207
data\tai17a.dat,491812,Heuristic,4,622236,0,0,3
data\tai17a.dat,491812,Greedy,4,522412,15,428,63
data\tai17a.dat,491812,Steepest,4,517884,8,1224,169
data\tai17a.dat,491812,RandomSearch,4,581126,7,76,116
data\tai17a.dat,491812,RandomWalk,4,578266,351,351,116
data\tai17a.dat,491812,Heuristic,5,640758,0,0,3
data\tai17a.dat,491812,Greedy,5,516836,11,318,47
data\tai17a.dat,491812,Steepest,5,510642,10,1496,199
data\tai17a.dat,491812,RandomSearch,5,580528,2,79,124
data\tai17a.dat,491812,RandomWalk,5,568358,307,307,123
data\tai17a.dat,491812,Heuristic,6,658504,0,0,3
data\tai17a.dat,491812,Greedy,6,515934,19,446,110
data\tai17a.dat,491812,Steepest,6,506538,11,1632,226
data\tai17a.dat,491812,RandomSearch,6,583642,3,115,169
data\tai17a.dat,491812,RandomWalk,6,567150,424,424,168
data\tai17a.dat,491812,Heuristic,7,634750,0,0,4
data\tai17a.dat,491812,Greedy,7,517878,21,725,95
data\tai17a.dat,491812,Steepest,7,513700,7,1088,164
data\tai17a.dat,491812,RandomSearch,7,582214,5,89,129
data\tai17a.dat,491812,RandomWalk,7,586902,311,311,129
data\tai17a.dat,491812,Heuristic,8,636822,0,0,5
data\tai17a.dat,491812,Greedy,8,525038,20,584,209
data\tai17a.dat,491812,Steepest,8,517252,9,1360,214
data\tai17a.dat,491812,RandomSearch,8,583008,9,106,211
data\tai17a.dat,491812,RandomWalk,8,567330,592,592,211
data\tai17a.dat,491812,Heuristic,9,630378,0,0,5
data\tai17a.dat,491812,Greedy,9,536526,13,376,65
data\tai17a.dat,491812,Steepest,9,518346,8,1224,152
data\tai17a.dat,491812,RandomSearch,9,585282,6,71,108
data\tai17a.dat,491812,RandomWalk,9,586280,282,282,108
data\tai17a.dat,491812,Heuristic,10,649714,0,0,4
data\tai17a.dat,491812,Greedy,10,516554,20,318,75
data\tai17a.dat,491812,Steepest,10,512252,10,1496,208
data\tai17a.dat,491812,RandomSearch,10,576742,2,87,141
data\tai17a.dat,491812,RandomWalk,10,572942,397,397,141
data\tai50a.dat,4938796,Heuristic,1,5784046,0,0,19
data\tai50a.dat,4938796,Greedy,1,5154234,90,13754,4150
data\tai50a.dat,4938796,Steepest,1,5200784,25,31850,10593
data\tai50a.dat,4938796,RandomSearch,1,5744696,6,837,7377
data\tai50a.dat,4938796,RandomWalk,1,5642864,14001,14001,7371
data\tai50a.dat,4938796,Heuristic,2,5829750,0,0,15
data\tai50a.dat,4938796,Greedy,2,5168692,95,10183,2648
data\tai50a.dat,4938796,Steepest,2,5192652,32,40425,12611
data\tai50a.dat,4938796,RandomSearch,2,5730926,5,934,7634
data\tai50a.dat,4938796,RandomWalk,2,5670576,16836,16836,7629
data\tai50a.dat,4938796,Heuristic,3,5879132,0,0,27
data\tai50a.dat,4938796,Greedy,3,5193800,78,8547,2395
data\tai50a.dat,4938796,Steepest,3,5243504,22,28175,8135
data\tai50a.dat,4938796,RandomSearch,3,5736284,9,737,5267
data\tai50a.dat,4938796,RandomWalk,3,5672604,11303,11303,5266
data\tai50a.dat,4938796,Heuristic,4,5826964,0,0,22
data\tai50a.dat,4938796,Greedy,4,5183744,83,6611,1888
data\tai50a.dat,4938796,Steepest,4,5180118,29,36750,9490
data\tai50a.dat,4938796,RandomSearch,4,5742394,2,777,5696
data\tai50a.dat,4938796,RandomWalk,4,5676204,10791,10791,5690
data\tai50a.dat,4938796,Heuristic,5,5967762,0,0,15
data\tai50a.dat,4938796,Greedy,5,5196378,82,8877,3144
data\tai50a.dat,4938796,Steepest,5,5239564,27,34300,10831
data\tai50a.dat,4938796,RandomSearch,5,5725992,6,801,6992
data\tai50a.dat,4938796,RandomWalk,5,5672340,15300,15300,6987
data\tai50a.dat,4938796,Heuristic,6,5821374,0,0,14
data\tai50a.dat,4938796,Greedy,6,5170246,94,12828,3369
data\tai50a.dat,4938796,Steepest,6,5223604,31,39200,9838
data\tai50a.dat,4938796,RandomSearch,6,5722332,5,895,6604
data\tai50a.dat,4938796,RandomWalk,6,5683066,15172,15172,6603
data\tai50a.dat,4938796,Heuristic,7,5896834,0,0,14
data\tai50a.dat,4938796,Greedy,7,5166802,73,10732,2818
data\tai50a.dat,4938796,Steepest,7,5235440,21,26950,6787
data\tai50a.dat,4938796,RandomSearch,7,5746434,5,584,4805
data\tai50a.dat,4938796,RandomWalk,7,5679232,9649,9649,4803
data\tai50a.dat,4938796,Heuristic,8,5899326,0,0,14
data\tai50a.dat,4938796,Greedy,8,5213892,75,5893,1945
data\tai50a.dat,4938796,Steepest,8,5152420,40,50225,13415
data\tai50a.dat,4938796,RandomSearch,8,5717770,7,1055,7680
data\tai50a.dat,4938796,RandomWalk,8,5686128,14327,14327,7681
data\tai50a.dat,4938796,Heuristic,9,5885350,0,0,14
data\tai50a.dat,4938796,Greedy,9,5186534,105,8022,2017
data\tai50a.dat,4938796,Steepest,9,5202868,25,31850,8105
data\tai50a.dat,4938796,RandomSearch,9,5713418,9,726,5061
data\tai50a.dat,4938796,RandomWalk,9,5696938,11196,11196,5061
data\tai50a.dat,4938796,Heuristic,10,5802746,0,0,12
data\tai50a.dat,4938796,Greedy,10,5180604,83,6302,1594
data\tai50a.dat,4938796,Steepest,10,5138018,39,49000,12716
data\tai50a.dat,4938796,RandomSearch,10,5728790,5,1001,7158
data\tai50a.dat,4938796,RandomWalk,10,5701020,16385,16385,7155
